"id","leeftijd","sekse","opleiding","A1","A2","A3","A4","A5","C1","C2","C3","C4","C5","E1","E2","E3","E4","E5","N1","N2","N3","N4","N5","O1","O2","O3","O4","O5"
1,16,"man",,2,4,3,4,4,2,3,3,4,4,3,3,3,4,4,3,4,2,2,3,3,6,3,4,3
2,18,"vrouw",,2,4,5,2,5,5,4,4,3,4,1,1,6,4,3,3,3,3,5,5,4,2,4,3,3
3,17,"vrouw",,5,4,5,4,4,4,5,4,2,5,2,4,4,4,5,4,5,4,2,3,4,2,5,5,2
4,17,"vrouw",,4,4,6,5,5,4,4,3,5,5,5,3,4,4,4,2,5,2,4,1,3,3,4,3,5
5,17,"man",,2,3,3,4,5,4,4,5,3,2,2,2,5,4,5,2,3,4,4,3,3,3,4,3,3
6,21,"vrouw",3,6,6,5,6,5,6,6,6,1,3,2,1,6,5,6,3,5,2,2,3,4,3,5,6,1
7,18,"man",,2,5,5,3,5,5,4,4,2,3,4,3,4,5,5,1,2,2,1,1,5,2,5,6,1
8,19,"man",2,4,3,1,5,1,3,2,4,2,4,3,6,4,2,1,6,3,2,6,4,3,2,4,5,3
9,19,"man",1,4,3,6,3,3,6,6,3,4,5,5,3,,4,3,5,5,2,3,3,6,6,6,6,1
10,17,"vrouw",,2,5,6,6,5,6,5,6,2,1,2,2,4,5,5,5,5,5,2,4,5,1,5,5,2
11,21,"man",1,4,4,5,6,5,4,3,5,3,2,1,3,2,5,4,3,3,4,2,3,5,3,5,6,3
12,16,"vrouw",,5,5,5,6,4,5,4,3,2,2,3,3,3,2,4,1,2,2,2,2,4,2,4,5,2
13,16,"man",,5,5,5,6,6,4,4,4,2,1,2,2,4,6,5,1,1,1,2,1,5,3,4,4,4
14,17,"man",1,4,5,2,2,1,5,5,5,2,2,3,4,3,6,5,2,4,2,2,3,5,2,5,5,5
15,17,"man",,4,3,6,6,3,5,5,5,3,5,1,1,6,6,4,4,5,4,5,5,6,6,6,3,2
16,17,"vrouw",,4,6,6,2,5,4,4,4,4,4,1,2,5,5,5,4,4,4,4,5,5,1,5,6,3
17,17,"man",,5,5,5,4,5,5,5,5,4,3,2,2,4,6,6,6,5,5,4,4,5,1,4,5,4
18,16,"vrouw",,4,4,5,4,3,5,4,5,4,6,1,2,4,5,5,5,6,5,5,2,4,2,2,4,2
19,17,"vrouw",,4,4,6,5,5,1,1,1,5,6,1,1,4,5,6,5,5,5,1,1,4,1,5,3,2
20,17,"man",,5,4,2,1,2,4,6,5,5,4,3,3,5,5,4,1,3,3,2,1,6,1,3,2,4
21,17,"vrouw",,1,6,6,1,5,5,4,4,2,3,1,2,4,3,4,2,5,5,4,6,5,1,6,6,2
22,68,"man",5,1,5,6,5,6,4,3,2,4,5,2,1,2,5,2,2,2,2,2,2,6,1,5,5,2
23,27,"vrouw",2,2,6,5,6,5,3,5,6,3,6,2,2,4,6,6,4,4,4,6,6,6,1,5,6,1
24,18,"man",1,4,5,5,6,5,5,5,4,1,1,3,2,5,5,6,2,3,3,1,1,6,2,5,6,2
25,20,"vrouw",3,1,6,6,1,6,5,2,5,1,1,1,1,6,6,6,2,3,1,2,1,6,4,5,5,3
26,51,"vrouw",5,2,4,4,4,3,6,5,6,1,1,2,4,4,2,6,3,3,5,3,2,5,2,6,6,1
27,14,"vrouw",,2,5,6,6,6,4,5,4,3,4,1,2,6,6,6,4,4,5,2,3,6,1,6,4,3
28,33,"vrouw",3,2,5,1,3,5,5,4,5,2,5,1,2,6,5,4,1,4,2,2,5,2,4,5,4,1
29,18,"vrouw",3,4,5,6,5,5,5,5,3,5,4,1,2,6,5,5,5,4,4,3,1,4,4,6,5,1
30,17,"vrouw",,1,6,5,6,3,5,5,5,4,3,2,5,1,5,3,5,5,5,6,6,4,3,3,6,5
31,41,"vrouw",3,2,5,6,6,6,5,5,5,2,4,1,2,4,5,5,3,2,4,1,2,5,2,5,5,2
32,23,"man",5,1,5,6,5,4,1,5,6,4,6,6,6,2,1,1,1,2,1,3,6,6,6,5,6,1
33,17,"vrouw",,2,4,5,6,5,4,6,4,2,4,2,2,3,5,3,2,2,4,1,3,5,5,5,4,2
34,23,"man",3,5,3,5,4,2,2,2,4,3,4,3,4,3,2,3,5,3,4,4,3,4,5,4,4,3
35,20,"man",3,1,6,4,6,4,5,6,3,1,5,6,6,3,2,2,2,2,2,4,1,5,5,4,5,3
36,21,"man",3,1,4,4,2,3,6,5,6,3,4,3,4,3,3,5,5,6,5,5,4,5,5,4,5,2
37,30,"man",,1,6,6,6,6,6,6,6,1,1,1,1,1,6,6,1,1,1,1,1,6,1,6,6,1
38,48,"vrouw",5,1,5,4,3,5,6,5,5,2,2,3,2,3,6,5,1,2,1,2,1,5,1,6,6,1
39,40,"vrouw",3,1,5,5,6,5,4,4,4,3,4,4,3,4,4,4,2,2,3,3,3,4,3,2,5,2
40,18,"man",1,1,5,4,4,5,4,5,4,3,3,3,3,2,5,4,2,3,1,3,2,4,3,5,4,3
41,20,"man",4,5,6,4,3,5,5,3,3,4,5,6,4,4,4,3,2,2,3,4,5,3,5,4,4,4
42,24,"vrouw",5,2,6,6,6,6,5,4,5,3,4,2,2,4,5,5,2,2,2,2,3,5,2,5,5,1
43,25,"man",3,1,6,6,6,6,5,2,1,2,1,6,5,6,6,5,2,1,4,6,5,6,5,6,6,1
44,22,"man",2,5,5,3,4,3,4,4,3,4,5,4,4,5,2,4,4,5,3,5,2,3,5,4,4,2
45,18,"vrouw",1,2,6,4,5,5,3,2,3,4,6,2,4,2,4,4,3,4,2,2,4,5,4,5,3,2
46,43,"vrouw",1,1,5,3,2,3,3,6,3,1,3,5,5,5,5,3,5,5,5,5,3,3,3,2,5,1
47,20,"man",3,1,6,6,6,6,5,5,4,1,2,1,1,6,6,6,4,4,1,1,1,6,3,6,6,1
48,24,"vrouw",3,1,6,6,6,4,4,3,1,4,2,2,2,5,4,4,6,6,6,3,3,3,1,4,6,2
49,26,"vrouw",4,1,5,6,5,4,6,6,6,6,2,4,4,4,3,6,1,1,1,6,5,5,6,3,6,3
50,26,"man",4,3,6,4,4,4,5,5,3,2,5,1,1,4,6,5,2,2,1,1,1,5,1,5,5,6
51,25,"vrouw",3,4,3,5,6,3,5,6,2,5,2,3,5,2,6,2,6,5,5,5,6,2,5,2,6,4
52,25,"man",4,1,6,6,6,6,6,5,5,2,2,1,2,5,6,5,2,3,2,3,2,5,3,5,5,2
53,26,"man",5,1,4,3,5,5,5,5,4,4,5,2,5,4,5,5,2,4,4,5,3,5,1,6,6,1
54,21,"vrouw",3,1,4,2,2,2,5,5,5,5,1,4,5,4,3,4,3,4,5,5,5,4,4,6,6,3
55,24,"man",5,3,4,5,2,4,5,4,5,2,4,5,5,5,4,5,5,5,5,3,2,5,2,5,5,5
56,50,"vrouw",2,1,6,5,4,4,6,6,6,1,4,4,4,1,2,5,3,4,4,4,4,4,4,4,2,1
57,29,"man",5,3,3,5,4,5,6,4,4,2,2,2,1,4,6,4,1,2,1,4,1,4,3,5,5,2
58,32,"man",1,2,3,4,4,5,5,3,2,4,6,4,4,3,5,2,4,4,6,5,2,2,4,3,5,5
59,18,"man",1,2,4,4,5,3,5,5,4,3,4,6,5,4,3,4,4,5,4,5,5,6,6,4,6,2
60,32,"vrouw",4,1,4,6,6,6,,6,6,2,3,1,1,5,6,6,4,4,3,1,3,5,3,3,6,3
61,26,"vrouw",3,4,5,3,5,4,6,5,5,2,2,1,1,5,6,6,3,5,3,1,3,4,1,4,6,1
62,27,"vrouw",5,2,6,6,6,6,4,6,6,1,4,3,6,5,4,4,4,3,6,6,4,4,1,6,6,3
63,21,"man",4,1,5,4,2,5,1,2,2,2,6,2,5,2,2,1,2,5,5,4,2,5,4,4,6,1
64,21,"man",3,4,3,2,2,2,4,2,2,4,5,4,3,4,2,4,1,2,1,5,2,6,1,6,6,1
65,36,"vrouw",5,2,3,4,5,6,5,5,4,2,2,1,2,4,4,4,1,2,2,4,2,3,2,5,5,2
66,48,"vrouw",2,1,6,6,3,6,6,5,6,1,4,4,4,2,3,3,1,2,2,5,2,6,2,3,5,2
67,22,"vrouw",3,4,5,6,6,4,4,6,6,1,2,4,3,5,5,5,2,3,3,1,3,4,1,4,6,2
68,23,"vrouw",2,2,4,6,2,5,2,4,4,1,1,1,1,4,4,,1,3,2,2,1,6,2,4,5,3
69,21,"man",3,4,4,4,5,3,5,4,6,2,4,2,2,4,6,4,5,5,4,3,5,4,1,4,2,3
70,20,"vrouw",3,1,5,5,5,4,5,5,5,1,2,4,4,3,2,5,1,2,4,4,4,5,1,5,4,2
71,23,"vrouw",3,3,5,5,5,4,5,5,5,1,1,2,3,5,5,4,2,1,2,2,3,5,1,5,4,2
72,43,"vrouw",4,2,5,5,6,5,5,4,6,3,2,1,1,4,6,5,2,2,3,3,2,5,1,4,3,4
73,16,"vrouw",,2,6,6,6,6,5,4,5,1,2,1,1,6,6,5,2,4,2,1,1,6,3,5,4,1
74,14,"vrouw",,5,6,6,6,5,5,5,6,3,4,1,2,5,6,6,4,3,4,4,6,5,4,5,6,3
75,54,"vrouw",3,1,2,2,4,2,2,4,2,5,1,2,2,4,2,2,4,2,2,2,4,2,3,4,2,4
76,20,"man",2,2,5,5,5,5,4,2,3,5,4,4,4,4,5,4,2,3,4,5,2,4,4,3,5,1
77,28,"man",4,1,5,6,5,3,6,5,4,4,3,4,5,4,4,5,3,3,3,4,3,6,2,5,6,2
78,38,"vrouw",4,1,6,3,3,1,6,6,5,1,6,4,5,3,5,1,4,4,6,6,5,6,1,6,6,1
79,38,"man",,1,4,6,2,6,3,3,4,4,5,6,4,5,6,2,3,5,4,6,4,6,2,5,6,1
80,27,"man",3,1,6,6,5,6,5,6,5,1,1,3,2,5,5,5,3,3,2,2,2,4,5,4,5,2
81,18,"vrouw",1,1,6,5,2,6,4,5,5,2,3,3,4,4,5,3,2,4,5,6,6,6,5,4,6,1
82,29,"man",3,4,4,4,6,5,2,5,4,4,3,5,3,3,3,5,2,2,4,2,4,3,4,3,4,4
83,50,"vrouw",4,1,5,5,5,5,4,4,5,2,2,5,2,2,5,5,3,3,2,2,2,4,5,5,4,4
84,50,"vrouw",3,1,6,5,4,6,4,5,4,4,5,2,2,4,5,5,1,3,2,2,2,5,1,4,5,2
85,20,"vrouw",3,1,6,4,6,4,4,4,5,2,4,1,2,4,5,5,2,3,2,2,2,4,2,3,4,2
86,19,"vrouw",3,3,4,5,5,4,3,3,,3,3,4,4,4,3,4,3,3,4,4,3,4,2,4,4,3
87,56,"vrouw",4,1,5,5,5,5,5,2,4,1,2,4,1,5,5,5,1,1,1,4,1,6,1,5,5,2
88,29,"vrouw",4,1,5,6,2,5,5,4,5,3,4,3,5,4,4,4,3,3,4,3,4,6,1,5,6,2
89,29,"vrouw",5,2,4,5,4,5,2,2,3,4,4,1,5,2,6,2,2,3,6,4,6,3,2,2,2,5
90,48,"vrouw",5,1,6,6,3,6,6,6,5,1,1,1,3,5,6,6,2,5,4,6,1,6,2,5,6,1
91,30,"vrouw",1,2,6,4,6,4,4,5,6,3,1,2,4,2,5,4,4,5,2,3,6,3,4,3,5,6
92,21,"vrouw",2,2,3,3,4,3,5,6,4,1,4,5,6,2,2,4,3,4,6,6,6,5,2,3,5,4
93,19,"man",3,3,1,2,2,2,2,1,2,6,6,6,6,1,1,1,3,5,4,4,4,5,1,3,6,1
94,42,"man",5,1,4,5,5,6,6,4,4,1,1,5,1,2,3,5,1,2,1,1,1,5,1,5,6,1
95,18,"vrouw",3,4,3,2,6,5,4,5,6,2,6,5,5,1,5,5,4,5,6,6,6,5,1,2,6,4
96,50,"vrouw",4,2,6,2,3,4,4,2,5,3,5,5,3,2,3,5,1,1,1,2,2,2,1,5,3,3
97,25,"man",5,3,4,4,2,4,4,3,4,4,2,2,3,4,3,5,4,4,2,2,4,4,2,5,4,2
98,47,"man",5,2,5,5,5,2,6,6,4,1,5,3,2,2,2,5,4,5,5,5,4,6,2,5,6,1
99,18,"vrouw",1,1,4,5,2,6,2,1,2,4,6,6,5,3,3,3,2,1,3,3,1,4,3,4,5,6
100,37,"vrouw",4,1,6,4,1,1,6,4,5,2,1,6,6,3,1,1,4,3,6,6,5,2,3,3,6,3
101,33,"vrouw",4,1,6,5,6,6,5,3,4,6,5,2,4,3,4,5,4,5,4,3,4,5,4,4,6,2
102,18,"man",,6,1,1,1,2,3,6,3,3,4,1,4,5,2,6,6,6,3,2,5,6,1,6,5,2
103,21,"vrouw",3,2,6,5,6,5,5,4,4,4,6,1,3,4,6,4,5,6,2,4,6,6,5,6,6,2
104,27,"vrouw",3,3,6,5,6,4,3,5,2,3,4,2,5,6,6,5,6,6,6,4,6,5,4,4,6,4
105,19,"vrouw",3,1,6,6,6,6,4,4,5,3,4,3,2,4,5,4,2,3,2,3,4,4,1,5,6,1
106,36,"vrouw",4,,4,5,6,4,5,5,5,1,5,3,4,3,2,3,1,2,1,4,2,3,6,1,3,3
107,19,"vrouw",3,1,6,6,5,4,5,3,5,1,2,2,4,4,5,4,1,1,1,2,2,4,2,4,6,2
108,29,"vrouw",5,1,6,6,6,6,6,6,5,1,6,5,5,2,5,5,1,5,5,5,6,6,1,6,6,2
109,23,"vrouw",5,1,6,5,4,5,5,4,5,2,2,1,1,6,6,5,2,2,2,2,2,6,1,5,4,1
110,23,"man",5,4,2,1,2,2,4,1,2,6,6,5,5,2,2,1,2,4,2,4,2,2,6,3,5,5
111,20,"man",3,1,5,4,3,4,5,6,4,1,4,3,2,4,5,6,1,2,2,4,1,4,1,6,5,1
112,24,"man",4,5,2,2,2,1,2,2,2,3,5,5,6,2,1,2,4,4,2,2,2,5,1,5,5,2
113,24,"man",5,2,5,4,3,4,5,4,5,2,3,1,2,4,5,5,4,4,3,2,3,6,1,5,5,2
114,26,"man",5,1,5,6,6,6,6,5,4,2,6,1,2,5,6,6,1,2,2,2,4,6,1,6,6,1
115,25,"vrouw",3,4,6,5,5,6,4,6,5,5,2,1,3,6,6,6,4,3,1,3,4,6,3,6,5,3
116,24,"man",4,2,5,4,4,4,4,5,5,5,5,5,6,3,2,2,3,4,2,5,6,2,4,4,6,4
117,24,"man",5,6,5,5,2,5,5,5,6,1,1,1,2,5,5,6,5,4,4,3,1,6,2,6,5,1
118,28,"man",5,2,5,5,1,6,5,5,5,3,6,2,4,6,6,5,4,4,3,3,1,5,3,6,4,2
119,22,"man",4,2,4,5,5,5,5,5,4,6,6,5,5,5,5,3,1,2,2,4,2,5,2,5,6,1
120,26,"man",5,2,5,5,5,2,5,5,5,2,6,5,5,3,2,2,2,3,2,5,5,5,1,6,6,1
121,25,"man",5,2,5,6,5,6,5,4,5,3,2,2,2,4,5,5,4,4,2,2,2,4,3,5,4,2
122,23,"man",4,2,5,4,4,5,5,4,5,3,5,2,3,5,4,5,2,3,3,4,2,5,2,6,6,2
123,22,"man",3,2,5,5,3,2,2,3,4,5,6,2,5,2,2,2,2,4,4,4,2,5,2,4,6,2
124,19,"vrouw",3,4,5,4,,3,5,3,4,2,5,1,4,3,5,4,4,5,5,4,5,4,4,3,6,3
125,25,"vrouw",4,2,4,4,4,4,4,4,4,4,5,4,3,4,6,5,4,5,3,5,4,4,2,4,6,3
126,25,"man",3,3,5,4,5,4,4,4,5,3,5,2,4,5,5,4,5,5,5,5,5,6,3,4,5,2
127,27,"man",5,4,3,3,3,3,6,5,5,2,3,5,,3,2,3,3,3,3,4,4,5,1,5,6,6
128,20,"vrouw",3,2,4,3,3,3,4,4,4,3,6,2,5,3,2,5,4,6,4,4,5,3,5,3,5,3
129,25,"vrouw",3,1,6,6,6,6,6,6,3,6,5,6,5,5,6,6,6,6,4,5,6,5,6,6,6,2
130,49,"vrouw",3,1,6,6,5,6,6,1,3,4,5,3,4,4,6,3,5,5,2,5,2,4,4,6,6,1
131,25,"vrouw",3,1,6,5,6,5,6,6,4,1,1,1,2,5,4,5,4,6,2,1,2,6,1,6,5,3
132,25,"vrouw",3,1,6,5,6,5,5,5,4,1,4,2,3,6,6,5,4,4,5,4,5,5,2,5,6,4
133,18,"man",,3,6,6,4,6,2,3,2,5,5,1,1,6,6,6,4,4,4,3,3,6,3,4,5,2
134,21,"man",3,2,3,1,3,1,3,3,3,2,6,6,6,1,1,3,5,4,3,6,4,2,2,1,5,3
135,22,"vrouw",3,2,4,5,5,5,4,4,6,4,2,1,2,4,6,5,6,6,4,4,6,4,4,3,4,5
136,37,"vrouw",3,2,5,3,5,1,6,5,4,2,2,1,1,5,6,2,3,5,4,4,5,4,2,5,4,3
137,20,"vrouw",3,1,6,5,6,6,3,2,4,2,3,3,2,5,5,3,2,2,2,2,1,4,4,4,5,3
138,22,"vrouw",1,5,4,4,5,6,3,5,3,3,6,4,4,6,5,5,2,5,2,1,2,6,2,5,5,2
139,41,"vrouw",5,2,5,4,3,3,6,4,4,2,4,6,4,3,3,4,1,1,1,4,3,6,1,4,6,1
140,22,"vrouw",5,1,6,6,3,6,6,6,6,1,5,1,4,5,5,6,3,6,4,4,6,5,1,4,6,1
141,24,"man",5,2,6,4,5,4,4,4,5,3,5,3,3,4,4,4,3,3,3,4,3,4,4,5,5,2
142,23,"vrouw",4,2,6,3,5,2,4,4,6,4,5,2,1,5,4,6,1,1,1,1,1,6,2,5,2,1
143,32,"man",4,1,5,5,6,5,5,5,5,2,2,2,2,1,5,3,5,2,4,4,2,5,2,5,5,1
144,43,"man",5,1,5,5,3,3,5,2,2,5,6,2,3,2,3,4,5,5,5,3,2,5,2,5,6,2
145,30,"vrouw",4,1,6,6,5,6,6,5,3,1,1,1,2,5,5,5,1,1,1,2,4,6,1,6,6,1
146,50,"vrouw",2,2,5,5,6,5,4,4,2,5,4,4,3,5,5,4,3,4,2,1,1,6,5,4,6,2
147,18,"man",1,4,4,3,1,4,5,4,4,1,1,1,1,4,6,6,3,4,2,2,1,4,1,6,4,2
148,16,"vrouw",3,2,6,5,5,3,5,5,6,2,1,2,5,3,4,5,1,3,2,1,3,6,2,4,6,5
149,34,"vrouw",5,3,5,6,5,5,4,5,4,2,4,2,2,5,5,5,3,3,5,4,3,5,2,6,5,3
150,18,"vrouw",2,1,6,6,6,5,5,3,4,4,4,1,2,5,6,5,2,2,2,2,3,5,4,5,5,2
151,24,"vrouw",5,2,5,5,5,4,3,1,4,4,5,5,5,5,3,5,2,4,5,4,5,5,4,5,5,1
152,18,"man",2,2,4,4,1,3,3,5,4,4,5,4,4,4,5,2,1,2,1,4,4,5,1,6,6,1
153,22,"vrouw",3,2,4,5,5,4,5,6,5,2,1,3,4,4,2,6,6,6,2,3,4,5,5,4,5,5
154,19,"vrouw",3,1,6,6,2,5,5,3,2,3,4,2,2,3,5,5,2,4,2,3,5,4,2,4,6,2
155,20,"man",3,2,6,4,5,4,2,3,2,4,5,2,3,4,5,4,4,3,2,4,2,5,5,4,4,2
156,24,"man",3,1,5,2,3,4,2,5,6,5,2,5,2,1,3,4,1,2,4,1,1,5,6,2,2,6
157,20,"vrouw",3,1,6,6,6,6,5,5,5,2,2,2,2,5,6,4,2,2,4,3,4,5,6,5,6,4
158,34,"man",5,2,4,5,5,5,1,1,3,4,5,1,2,5,5,2,1,2,1,2,1,6,1,5,5,6
159,21,"man",3,2,4,5,6,5,4,6,4,1,2,1,1,6,6,5,1,1,2,2,1,5,1,5,5,2
160,19,"man",3,2,6,5,4,4,4,2,4,5,5,2,,4,3,5,4,4,2,4,1,6,4,5,5,2
161,18,"vrouw",2,1,5,5,5,5,5,6,4,2,2,4,1,5,4,6,4,5,5,4,2,5,1,5,6,1
162,25,"vrouw",,1,6,6,1,3,6,6,5,1,4,5,6,1,4,1,6,6,6,5,6,5,1,2,5,1
163,27,"vrouw",5,3,4,4,3,4,3,3,5,3,6,2,5,5,3,4,5,4,2,2,4,5,4,4,4,5
164,33,"man",5,4,4,5,6,4,5,6,6,4,2,2,2,5,5,5,4,2,4,5,4,4,2,5,3,3
165,20,"man",3,1,5,5,5,5,4,4,4,4,5,2,2,5,5,5,3,3,3,3,4,6,2,5,4,5
166,19,"vrouw",3,2,6,5,5,4,5,4,5,3,4,4,6,5,6,6,3,3,2,2,2,5,6,6,5,1
167,16,"vrouw",,2,6,6,6,5,5,5,5,2,1,2,1,5,5,6,1,2,2,2,3,5,1,6,6,3
168,18,"vrouw",3,1,2,2,4,3,6,4,6,5,6,4,5,1,6,3,4,6,6,4,5,3,4,3,6,4
169,35,"vrouw",4,1,6,5,6,6,4,5,3,3,4,6,3,4,5,5,1,2,2,2,3,6,1,5,6,1
170,23,"vrouw",3,6,5,6,6,5,6,6,6,1,3,6,6,4,4,5,4,5,4,4,4,6,1,3,6,3
171,27,"vrouw",5,4,3,4,3,4,4,3,5,4,4,2,4,4,3,4,5,5,3,2,3,5,4,4,4,4
172,18,"man",3,3,4,2,2,3,3,2,2,4,1,2,2,5,4,5,2,3,1,1,1,6,3,6,5,1
173,31,"man",2,4,3,4,3,3,5,2,4,4,5,3,5,4,1,4,5,5,5,4,4,6,1,6,6,1
174,17,"vrouw",,1,6,5,6,6,5,4,5,2,4,3,4,5,6,4,2,3,2,1,1,5,5,3,5,3
175,53,"man",1,3,5,4,4,4,3,3,4,4,4,5,4,3,2,4,2,3,2,3,2,5,4,4,3,4
176,29,"man",5,4,2,2,3,3,4,3,3,4,5,4,5,2,2,5,5,4,4,5,4,5,2,5,6,2
177,19,"man",2,3,4,4,3,3,5,5,4,3,2,3,4,4,2,3,4,4,5,4,4,6,1,6,6,1
178,29,"vrouw",1,1,6,5,6,3,3,5,1,1,6,1,3,3,3,6,6,6,6,2,6,3,6,1,1,6
179,41,"man",5,1,5,5,4,5,4,4,4,4,4,4,1,5,5,4,1,2,1,1,2,6,4,6,6,1
180,31,"vrouw",5,2,2,1,6,3,6,6,6,1,1,2,2,5,6,6,1,3,1,1,1,6,1,6,6,2
181,45,"vrouw",3,2,4,4,5,5,5,5,5,1,2,6,5,2,5,5,5,5,5,6,3,2,2,3,5,2
182,47,"vrouw",2,1,6,6,2,5,5,5,5,1,2,2,2,6,6,6,6,6,4,2,4,6,1,5,5,1
183,27,"man",4,2,3,4,4,4,3,1,1,3,2,3,3,3,3,4,2,3,2,3,2,6,2,4,5,2
184,24,"vrouw",2,1,6,4,3,6,4,4,5,2,5,2,5,4,5,6,4,5,5,2,6,5,2,6,6,1
185,20,"man",4,2,3,4,5,3,4,5,4,2,5,5,3,3,4,4,2,2,4,4,3,4,3,4,5,3
186,23,"man",2,5,4,3,5,4,4,4,4,4,5,1,5,5,6,4,1,1,1,4,5,5,4,4,4,5
187,28,"man",5,1,5,4,4,4,5,5,5,2,4,3,4,2,4,4,4,4,4,3,4,4,2,3,5,2
188,16,"vrouw",,1,6,6,5,3,1,3,2,2,5,6,6,5,1,2,6,4,6,6,3,3,1,3,3,4
189,18,"man",1,2,5,6,3,5,5,3,3,3,4,1,2,6,5,6,5,4,1,2,2,4,4,5,4,2
190,16,"vrouw",,2,4,5,6,5,2,4,4,3,2,4,4,3,5,2,2,4,3,2,3,3,1,3,5,3
191,17,"man",,2,6,5,5,5,2,4,3,4,6,1,3,5,6,6,1,1,2,1,1,6,3,4,5,3
192,18,"vrouw",1,1,5,6,4,5,3,2,5,2,1,1,1,2,5,4,1,2,2,2,4,5,1,5,5,1
193,16,"man",,2,5,5,5,5,5,6,5,1,2,2,3,3,5,4,1,3,1,2,5,4,3,4,5,5
194,16,"vrouw",,1,5,2,2,2,2,2,6,2,3,5,6,4,1,5,3,5,5,5,4,2,5,4,6,1
195,18,"vrouw",1,3,3,5,5,5,4,4,4,3,4,3,2,3,5,4,3,5,3,3,4,4,4,3,2,3
196,17,"man",,2,4,5,6,5,5,6,4,1,2,2,1,4,6,5,1,2,1,1,1,5,3,4,3,2
197,17,"man",,1,6,5,5,5,5,4,4,3,4,3,2,4,5,4,1,2,4,2,1,6,2,4,5,3
198,16,"man",,2,6,4,6,2,4,5,5,1,1,6,4,5,4,6,1,2,1,5,4,5,2,1,5,1
199,18,"vrouw",1,2,5,5,6,4,2,4,2,2,4,5,4,3,3,5,4,4,4,3,2,3,2,3,4,3
200,50,"vrouw",5,1,4,,6,6,6,4,4,1,1,6,6,6,1,6,1,1,1,1,1,6,1,4,6,1
201,25,"vrouw",4,1,5,6,5,5,3,3,3,4,4,1,1,5,5,5,3,4,4,2,3,4,3,5,4,3
202,48,"man",5,2,3,2,1,4,1,2,2,1,5,1,5,2,4,5,1,5,1,2,1,4,1,2,5,1
203,27,"vrouw",4,2,5,5,5,5,6,2,5,2,2,2,2,4,6,5,2,2,2,1,2,5,1,5,6,1
204,20,"man",3,5,4,4,4,5,5,4,,4,4,4,4,4,5,3,2,2,2,2,1,5,3,4,5,4
205,17,"vrouw",,3,4,3,3,3,3,3,3,4,6,5,5,2,2,4,6,6,6,6,3,3,4,2,4,4
206,59,"vrouw",5,1,6,6,4,6,5,5,5,1,3,3,1,6,2,,2,2,1,1,2,6,1,6,6,1
207,17,"vrouw",1,2,4,4,1,4,5,4,4,2,2,4,5,3,3,5,4,5,1,2,3,5,1,5,6,2
208,32,"vrouw",3,1,6,6,6,6,6,5,4,1,2,1,1,5,6,6,3,4,3,2,2,6,6,5,5,1
209,22,"man",3,2,4,4,4,3,5,1,3,2,1,1,1,3,6,5,5,6,6,1,1,4,3,5,2,3
210,21,"man",3,5,5,4,5,4,6,6,6,1,6,2,2,4,5,5,1,1,4,3,4,6,4,4,5,2
211,29,"man",5,5,3,1,2,3,6,2,2,4,5,5,4,3,4,2,1,4,4,4,2,6,2,6,5,2
212,40,"vrouw",3,1,5,,5,6,6,6,1,1,1,6,1,1,5,1,1,1,1,6,1,6,6,6,1,1
213,48,"vrouw",5,1,5,5,6,6,5,5,5,3,3,1,1,5,5,5,1,1,1,1,2,5,2,5,5,5
214,39,"vrouw",4,1,5,6,6,4,5,3,4,3,5,2,2,3,6,4,2,2,2,2,4,5,1,5,5,3
215,50,"vrouw",4,1,5,6,5,6,2,5,5,2,2,1,3,4,6,6,3,5,2,2,3,5,1,5,6,1
216,26,"vrouw",5,1,6,6,6,4,1,5,6,3,2,4,2,6,4,2,2,5,5,4,4,5,5,5,6,1
217,21,"vrouw",2,3,5,5,3,4,4,3,4,3,3,3,4,3,4,3,3,4,3,3,3,3,2,4,4,3
218,37,"vrouw",5,1,5,6,5,5,5,3,4,1,5,2,2,4,5,5,2,2,2,2,1,5,3,4,5,2
219,38,"vrouw",5,2,6,6,5,5,5,5,4,2,1,2,3,5,4,6,2,3,2,2,1,6,1,5,6,2
220,19,"man",3,5,4,5,6,4,1,4,6,2,2,3,3,5,4,5,2,2,1,3,2,5,6,4,6,3
221,17,"vrouw",,2,6,4,3,5,5,3,3,2,4,4,4,3,3,3,2,3,2,2,4,6,4,4,6,3
222,20,"vrouw",3,5,4,5,6,2,5,6,4,1,1,1,1,3,6,3,2,4,2,3,1,6,2,6,3,2
223,34,"vrouw",5,3,5,2,4,5,5,4,6,3,3,3,5,2,3,2,1,3,3,2,4,5,2,5,5,2
224,38,"vrouw",3,3,6,5,6,6,6,5,5,1,1,1,2,4,6,6,2,2,1,2,3,5,2,4,6,1
225,18,"vrouw",3,2,5,4,4,4,3,3,4,5,4,2,2,4,4,4,5,5,4,4,4,3,5,4,3,4
226,32,"vrouw",5,1,,4,6,5,5,5,2,3,3,2,2,4,2,4,2,3,3,4,3,4,3,5,6,2
227,19,"man",3,1,6,6,6,5,4,3,4,5,6,2,2,4,5,3,1,2,4,4,4,4,3,5,5,3
228,19,"man",3,3,4,4,6,3,5,5,5,2,4,6,4,3,3,4,1,3,2,2,1,6,2,3,5,2
229,21,"man",3,3,5,6,5,6,5,6,5,2,1,3,1,4,6,5,3,5,3,3,1,4,1,4,4,3
230,22,"vrouw",3,1,5,,6,5,5,5,6,1,1,1,2,4,6,6,4,4,3,2,2,6,1,5,6,2
231,41,"vrouw",5,4,5,5,5,5,5,4,5,2,4,2,2,4,5,5,2,3,2,1,1,5,4,4,4,1
232,40,"man",3,1,6,4,6,6,5,4,5,1,2,5,1,5,4,6,1,2,2,1,1,4,2,5,5,3
233,44,"vrouw",5,4,3,4,2,5,5,5,5,2,2,2,2,3,3,6,4,4,3,3,2,6,1,4,6,1
234,25,"man",3,3,5,5,5,5,4,3,3,3,5,3,4,3,5,5,4,5,2,2,2,5,4,4,5,5
235,15,"vrouw",,5,2,1,1,2,2,1,2,5,6,2,5,2,4,2,3,6,4,5,3,5,6,2,6,4
236,24,"man",3,3,3,3,4,4,5,2,5,2,3,4,2,3,5,4,2,2,2,3,2,2,3,2,4,5
237,22,"vrouw",1,3,5,4,5,5,4,2,4,4,4,3,4,6,6,6,3,4,2,2,1,5,1,3,5,3
238,19,"vrouw",3,3,5,6,6,5,4,4,6,3,3,3,4,4,5,4,1,1,2,3,2,5,4,4,5,3
239,23,"vrouw",3,4,5,5,6,4,6,5,5,2,2,5,5,4,4,4,2,4,2,6,2,5,2,4,4,2
240,38,"vrouw",3,6,1,1,4,6,5,6,5,1,1,1,1,5,6,6,1,1,1,1,1,5,1,6,1,1
241,26,"man",2,3,5,5,6,6,6,6,6,1,1,1,2,4,4,6,1,1,1,2,2,3,2,4,2,1
242,46,"vrouw",3,5,5,5,6,6,5,4,5,2,2,4,1,5,6,5,1,1,2,5,1,6,5,4,4,4
243,24,"vrouw",2,3,4,4,5,3,4,4,4,2,2,4,3,3,3,5,3,3,3,2,2,5,4,4,4,3
244,18,"vrouw",1,5,6,5,5,6,5,4,6,1,2,1,3,5,6,5,1,4,1,3,2,4,5,4,6,2
245,48,"man",2,1,6,5,6,5,3,3,5,4,4,4,5,4,3,5,2,2,3,5,4,5,3,5,6,2
246,30,"vrouw",3,1,6,6,6,5,6,4,4,1,5,1,1,6,3,3,3,5,5,2,4,6,6,4,6,1
247,22,"man",2,4,4,6,5,4,4,5,3,5,4,2,4,4,5,3,2,4,2,3,3,5,4,4,4,4
248,20,"man",3,5,5,5,1,5,6,5,2,6,6,4,4,6,3,3,5,4,4,5,4,6,6,6,6,4
249,36,"man",5,3,4,4,3,2,6,5,5,1,3,2,5,5,2,5,4,5,3,6,1,6,1,6,6,1
250,18,"man",1,6,6,6,6,6,5,5,6,6,1,1,1,6,6,6,6,3,2,2,5,1,2,6,6,6
251,27,"man",3,2,6,5,6,5,6,5,5,1,1,5,1,5,5,6,5,4,2,2,1,6,1,5,6,2
252,30,"vrouw",2,4,1,4,6,6,6,4,4,2,6,1,1,6,6,5,1,2,1,1,1,4,3,4,2,5
253,18,"man",3,3,5,4,5,5,5,6,5,2,1,3,3,4,6,5,1,2,2,1,2,4,5,3,4,3
254,20,"man",3,2,4,5,5,5,4,4,4,2,3,3,4,3,5,3,5,5,2,4,4,4,4,4,2,2
255,55,"vrouw",3,1,5,5,5,5,5,4,5,1,1,2,2,3,5,5,1,2,2,2,2,2,2,5,4,2
256,17,"vrouw",3,1,6,6,5,5,5,6,5,2,5,4,4,3,6,5,3,4,2,2,6,4,2,5,5,3
257,28,"man",4,4,5,4,3,4,4,4,5,4,5,4,4,4,4,5,2,2,5,5,3,6,2,3,6,6
258,19,"vrouw",3,3,5,4,5,5,5,5,3,4,6,1,6,5,6,6,6,6,5,4,5,6,6,3,4,2
259,16,"vrouw",,1,6,6,6,6,6,5,6,1,3,1,1,6,6,6,1,1,1,3,3,6,1,6,5,3
260,31,"man",1,1,5,6,6,6,5,6,6,5,1,4,1,6,6,5,5,1,5,5,2,6,5,5,5,2
261,50,"vrouw",3,2,4,4,4,5,4,5,4,2,4,1,1,5,6,6,4,5,6,4,4,6,3,5,4,1
262,31,"vrouw",3,3,5,6,6,6,4,5,6,3,1,2,1,5,2,6,5,4,1,2,3,4,5,5,6,4
263,27,"vrouw",5,1,5,6,5,6,6,5,5,1,2,2,1,5,5,6,2,2,2,2,1,5,1,6,4,2
264,16,"man",3,1,4,4,2,5,5,4,3,2,4,5,5,4,2,3,4,4,4,5,4,4,2,2,5,4
265,18,"man",3,4,6,6,6,5,4,4,5,2,5,1,1,4,5,5,4,5,4,4,5,5,1,6,6,1
266,20,"vrouw",3,2,6,5,6,3,3,3,5,3,5,1,4,3,5,2,4,5,6,4,4,2,4,3,6,3
267,21,"man",3,3,4,5,4,4,4,4,3,4,5,5,4,3,3,4,5,5,3,3,3,4,3,5,5,3
268,32,"vrouw",5,2,6,6,6,6,5,4,5,1,1,1,1,5,5,5,4,3,2,2,3,5,1,5,4,2
269,30,"vrouw",3,2,2,2,4,3,3,2,4,4,6,4,4,3,3,3,1,3,3,5,1,4,6,3,4,4
270,24,"vrouw",3,2,5,4,6,4,4,5,4,3,4,1,3,3,4,4,4,4,5,3,5,4,4,4,4,2
271,35,"vrouw",1,3,4,6,6,4,4,4,5,5,4,2,4,4,3,3,6,6,6,4,5,3,4,5,4,4
272,19,"vrouw",3,1,5,5,6,5,5,4,5,2,1,1,3,5,6,5,3,4,4,3,4,5,3,4,4,2
273,23,"vrouw",3,2,5,6,5,4,3,5,5,2,1,4,5,4,1,6,6,6,6,6,4,4,2,6,6,2
274,16,"vrouw",,2,4,2,4,4,5,3,5,2,3,6,4,4,5,5,4,4,3,3,2,5,2,5,5,4
275,21,"man",4,1,6,6,6,6,6,4,4,3,4,1,1,6,6,6,1,2,4,2,2,6,1,6,6,1
276,22,"vrouw",3,1,6,6,6,5,5,4,6,2,2,2,4,4,6,3,5,6,3,2,4,3,5,3,3,1
277,20,"vrouw",3,1,5,5,6,5,2,4,5,5,5,3,5,5,5,2,3,4,4,4,2,1,4,3,5,4
278,26,"man",4,2,5,5,5,5,5,5,5,2,1,2,2,4,5,5,1,1,1,1,1,5,1,5,2,2
279,19,"man",3,3,4,5,5,5,4,4,5,4,4,5,4,3,,4,3,4,2,4,4,3,5,3,3,4
280,25,"vrouw",5,3,6,5,5,5,4,4,5,4,4,1,2,5,6,6,4,4,4,3,5,6,2,5,4,3
281,28,"vrouw",5,1,5,6,4,6,5,3,3,4,5,1,1,5,6,5,4,6,6,5,6,6,2,6,5,1
282,17,"vrouw",,5,6,6,6,6,4,5,4,3,5,1,2,4,6,6,4,5,1,2,3,6,6,5,6,2
283,16,"vrouw",,1,6,6,1,5,5,6,6,5,6,1,3,6,5,5,4,4,1,2,2,5,3,4,5,5
284,17,"man",,3,4,4,4,3,3,2,2,4,6,5,3,4,4,5,4,5,2,3,1,4,2,5,5,3
285,29,"man",1,4,5,5,6,6,3,5,6,2,1,6,6,1,5,6,2,3,3,2,1,5,3,1,3,4
286,19,"vrouw",2,3,4,4,3,4,4,4,4,4,3,3,4,3,4,3,4,4,3,3,3,4,3,4,4,3
287,47,"vrouw",4,1,5,5,6,5,5,6,2,1,5,3,3,5,6,4,2,4,5,4,4,6,1,6,6,1
288,52,"vrouw",4,1,5,5,5,4,4,4,4,2,2,4,4,4,2,5,1,2,1,1,2,4,2,5,6,2
289,22,"vrouw",4,2,6,6,5,5,5,2,6,5,5,6,5,3,4,2,2,2,2,4,2,4,5,3,4,3
290,18,"man",3,3,5,6,4,5,4,3,5,3,4,1,2,4,5,4,2,3,5,4,3,4,3,5,6,5
291,30,"vrouw",3,4,5,4,5,4,5,5,4,1,1,2,2,4,5,5,3,4,4,4,4,5,1,5,4,1
292,31,"man",3,5,2,3,2,3,5,4,3,2,3,4,5,4,4,1,2,4,5,5,4,5,1,5,6,3
293,56,"man",2,1,6,5,6,5,5,6,6,2,1,5,2,5,1,6,5,4,5,4,2,6,5,3,6,5
294,28,"vrouw",4,3,4,4,4,4,6,6,5,1,2,2,2,5,5,6,2,2,2,2,4,5,6,6,6,4
295,23,"vrouw",3,1,6,5,4,5,6,5,5,1,2,1,4,1,5,4,2,4,4,2,6,2,1,4,6,4
296,20,"vrouw",3,2,5,5,6,5,4,4,4,1,2,3,2,4,5,5,1,1,1,2,1,5,2,4,5,2
297,27,"vrouw",2,1,6,6,6,6,5,4,6,1,2,1,2,6,6,6,1,4,4,1,1,5,4,6,4,4
298,25,"man",2,3,5,5,6,1,6,5,5,4,6,1,1,6,3,6,6,6,6,5,1,6,1,6,3,1
299,27,"vrouw",2,2,4,4,6,2,5,5,5,2,1,3,6,5,4,5,5,5,6,5,5,5,2,4,6,1
300,56,"vrouw",,3,5,6,4,6,2,1,5,6,6,1,1,5,5,1,1,1,3,6,4,6,2,2,4,1
301,18,"vrouw",3,3,5,4,2,2,4,4,4,2,2,4,4,2,4,4,5,6,6,6,6,5,1,3,6,2
302,18,"man",1,2,5,3,2,2,5,3,4,4,4,2,2,4,4,5,2,2,4,2,2,4,2,5,6,1
303,21,"man",3,2,6,6,6,6,4,5,5,1,2,2,2,3,5,6,2,3,3,1,1,5,2,3,2,1
304,19,"man",2,2,2,6,2,2,6,6,6,1,2,6,2,6,1,6,5,5,5,5,1,6,1,6,6,1
305,18,"vrouw",2,2,6,6,6,6,4,5,4,2,2,1,1,5,6,5,2,2,2,1,2,4,1,5,5,4
306,29,"man",4,5,2,2,2,5,5,5,6,2,5,4,5,3,3,3,5,5,5,6,5,5,1,5,6,1
307,33,"man",4,4,4,4,4,4,5,5,5,5,5,3,3,3,3,3,4,4,4,4,4,3,3,3,3,3
308,31,"man",3,3,3,4,6,3,4,4,3,4,4,5,5,2,3,5,4,5,4,4,2,5,2,3,4,3
309,33,"vrouw",5,1,6,5,6,5,5,5,5,2,4,2,2,5,5,5,2,4,2,4,1,5,1,6,6,1
310,45,"vrouw",4,1,5,4,5,6,6,6,2,6,6,1,1,6,6,6,6,6,6,6,5,6,5,6,6,1
311,44,"vrouw",5,2,2,5,4,4,5,5,4,3,5,5,5,4,5,4,3,2,4,4,2,6,2,6,6,2
312,18,"vrouw",3,1,6,6,6,4,5,5,3,4,5,4,4,4,5,3,4,4,5,6,4,6,1,6,6,1
313,45,"vrouw",4,4,4,3,2,3,4,4,5,2,3,2,4,4,1,5,6,6,5,5,5,4,1,5,5,4
314,18,"vrouw",2,1,4,6,6,6,5,6,4,1,1,3,4,6,6,6,1,3,3,4,2,6,1,6,5,1
315,29,"vrouw",3,3,5,5,5,5,3,5,5,2,1,1,1,5,6,5,6,6,5,5,3,5,5,6,6,4
316,51,"vrouw",1,1,6,6,6,6,6,6,6,1,1,5,1,6,6,6,1,6,1,1,1,6,1,3,6,1
317,50,"vrouw",2,2,5,5,6,4,3,3,4,4,2,5,5,4,3,3,2,4,5,6,4,4,5,4,5,4
318,36,"vrouw",2,1,5,4,3,2,6,5,2,1,5,2,2,1,2,2,4,4,5,5,2,4,3,4,5,3
319,18,"vrouw",,3,5,3,4,4,3,2,5,4,5,2,5,3,3,4,4,5,4,2,2,4,5,3,5,4
320,38,"vrouw",5,2,4,2,6,5,5,4,4,6,5,5,6,3,3,5,4,4,4,3,4,3,2,2,2,4
321,17,"vrouw",3,1,6,5,6,5,5,6,4,2,4,1,1,5,6,6,2,2,4,2,2,4,5,6,5,1
322,53,"vrouw",5,2,4,4,6,5,4,4,4,3,4,1,1,5,5,6,2,4,3,3,1,6,1,6,4,2
323,35,"vrouw",5,1,5,5,5,5,5,4,5,3,3,3,2,5,5,5,5,5,4,4,3,6,4,6,6,2
324,21,"vrouw",3,2,4,5,6,5,4,3,3,5,5,5,4,5,3,1,3,4,4,5,5,4,2,4,5,2
325,29,"man",3,5,5,5,6,5,4,5,6,4,3,5,4,4,4,6,6,6,6,5,4,3,6,3,5,4
326,36,"vrouw",5,2,5,5,6,5,6,6,5,1,3,1,1,4,4,6,4,4,1,5,3,5,2,4,6,1
327,19,"vrouw",3,2,5,1,6,4,4,4,6,4,2,4,3,4,5,4,3,5,4,4,4,4,4,5,5,4
328,23,"vrouw",3,4,6,6,4,4,6,4,6,1,4,1,5,5,2,5,4,6,4,2,5,6,3,4,6,2
329,39,"vrouw",2,2,5,5,6,5,5,5,5,1,1,2,2,4,5,4,3,4,4,4,4,4,3,4,5,3
330,19,"vrouw",3,3,5,1,4,4,2,4,4,4,4,4,2,5,4,5,4,4,5,2,1,5,1,6,5,1
331,17,"vrouw",,2,5,5,4,5,4,4,5,3,2,4,5,5,6,3,5,6,2,1,4,4,5,4,3,3
332,18,"vrouw",3,2,3,6,4,5,3,3,5,3,4,3,1,6,5,6,1,2,4,4,1,6,5,6,6,4
333,25,"vrouw",3,1,5,5,6,5,5,5,5,2,4,4,,4,5,3,3,5,4,4,4,5,5,4,5,3
334,15,"vrouw",,4,2,5,5,5,4,4,3,4,6,4,2,3,3,4,2,2,4,3,2,4,3,3,5,4
335,20,"man",3,1,5,5,5,4,5,4,5,4,5,5,5,1,2,4,5,5,2,3,3,4,2,5,6,1
336,14,"vrouw",,2,5,5,6,6,4,5,2,4,4,6,5,5,4,4,1,3,4,4,6,5,2,5,5,3
337,20,"vrouw",3,4,3,6,6,6,5,6,5,1,3,1,1,3,5,6,1,6,4,2,1,5,1,5,1,2
338,25,"man",1,3,4,6,6,6,6,4,5,1,2,4,1,5,4,5,5,5,4,4,6,4,4,5,5,2
339,64,"vrouw",5,1,6,1,6,5,4,1,2,5,6,1,1,5,5,6,2,4,6,6,5,6,1,6,6,1
340,18,"vrouw",2,1,5,3,6,5,2,5,5,1,2,2,4,6,5,5,1,2,2,3,3,6,1,5,6,1
341,20,"vrouw",3,1,6,6,4,5,4,5,2,3,6,3,4,4,6,4,2,4,4,2,5,5,1,4,5,2
342,19,"vrouw",1,4,5,2,6,5,3,2,4,3,6,1,5,4,3,2,5,6,2,2,5,4,2,4,5,3
343,32,"vrouw",5,1,6,5,3,6,5,6,6,1,2,4,4,4,6,5,4,4,3,2,1,6,1,5,6,1
344,49,"man",2,,5,4,3,4,4,3,3,3,4,4,2,4,4,4,3,3,4,3,2,5,2,4,4,3
345,45,"man",2,4,6,5,6,6,5,5,5,5,4,1,1,6,6,6,4,4,6,4,1,6,2,6,6,2
346,18,"man",1,1,6,5,2,2,4,1,5,6,6,6,6,3,2,1,4,5,5,5,2,5,6,5,6,2
347,28,"vrouw",5,6,6,6,6,6,3,6,2,5,5,2,2,6,6,6,6,6,6,6,6,6,5,5,6,2
348,22,"vrouw",5,1,4,2,5,3,5,5,5,3,4,4,5,3,3,2,2,2,3,4,5,4,2,4,5,2
349,25,"vrouw",4,3,5,4,4,3,5,5,4,2,4,5,2,3,4,4,4,4,4,3,2,6,1,5,5,2
350,34,"vrouw",5,1,6,6,6,6,6,5,4,1,1,1,1,6,6,6,1,1,1,1,1,6,1,6,6,1
351,42,"vrouw",5,2,5,5,5,3,5,5,5,1,4,4,4,3,3,5,4,4,4,4,2,6,1,5,4,1
352,37,"vrouw",3,1,5,3,5,4,5,4,3,1,4,3,2,4,5,5,3,4,2,3,2,5,4,4,5,1
353,42,"vrouw",3,1,6,5,6,6,6,6,6,1,1,1,1,4,6,5,1,1,1,1,1,6,1,6,6,1
354,23,"vrouw",5,1,5,5,6,4,5,5,4,1,1,3,3,3,4,5,2,2,2,2,4,5,1,5,5,1
355,29,"vrouw",4,4,4,5,1,5,5,4,4,2,5,1,4,6,6,5,3,4,4,2,5,3,3,5,6,5
356,18,"man",2,2,3,4,1,2,3,5,3,1,1,6,6,1,2,3,1,1,2,2,2,5,2,3,5,3
357,22,"vrouw",3,2,6,6,4,6,6,5,5,3,2,1,1,3,6,5,1,1,1,1,1,5,1,5,1,6
358,30,"vrouw",3,4,6,6,6,5,4,5,6,,1,1,3,6,6,6,1,6,6,3,4,6,1,6,5,1
359,38,"vrouw",3,4,4,4,4,5,5,5,4,2,3,4,2,4,4,5,2,4,5,4,5,4,1,4,5,3
360,53,"vrouw",2,2,6,5,6,3,5,6,5,2,3,3,2,5,5,5,3,5,5,1,4,4,2,4,6,2
361,28,"man",3,2,4,4,6,,5,4,5,4,4,6,4,4,5,2,1,2,3,4,2,3,1,2,4,5
362,18,"man",3,5,6,6,5,6,5,6,2,2,4,3,4,5,5,5,3,3,2,4,3,6,4,5,6,4
363,31,"vrouw",4,1,5,6,6,6,6,5,5,1,1,2,4,5,6,5,2,3,2,2,4,5,1,4,5,2
364,32,"vrouw",1,2,5,5,4,6,5,5,5,2,2,5,4,5,4,5,1,1,1,1,3,5,4,4,4,2
365,15,"vrouw",,1,6,5,5,6,3,4,5,5,6,4,5,6,6,4,4,4,4,6,4,6,1,6,6,3
366,23,"vrouw",2,4,2,4,6,5,5,5,4,1,2,3,2,3,5,5,3,4,2,1,1,3,4,1,4,2
367,34,"vrouw",4,2,5,5,4,4,2,3,3,4,3,1,6,4,3,6,4,5,4,4,2,6,2,5,6,2
368,29,"man",5,2,6,6,6,6,5,5,5,1,5,5,1,5,5,6,5,5,5,4,2,6,2,6,5,1
369,51,"vrouw",3,1,6,2,6,5,5,5,5,4,2,2,6,1,4,5,4,2,1,2,3,6,5,3,6,5
370,22,"vrouw",3,1,6,6,6,6,6,5,3,3,4,2,1,5,5,6,2,4,4,3,1,6,1,6,6,2
371,38,"vrouw",3,2,5,5,6,4,4,5,4,2,3,2,3,4,4,5,3,3,1,1,2,5,1,4,4,2
372,36,"vrouw",2,4,4,,3,4,5,3,4,3,3,2,2,3,3,5,3,3,2,2,2,5,2,3,4,5
373,19,"vrouw",3,1,5,3,4,4,6,4,4,1,1,3,4,3,5,5,3,3,3,1,3,4,4,3,4,3
374,33,"vrouw",3,2,6,5,4,5,5,2,5,3,2,2,4,4,6,4,5,5,4,4,5,2,4,4,5,3
375,40,"vrouw",1,1,5,5,6,5,5,4,4,4,4,1,2,4,6,4,4,5,5,3,5,2,2,6,5,2
376,26,"vrouw",5,3,4,3,5,5,3,2,2,3,2,4,2,3,4,3,2,3,2,3,1,5,3,4,4,4
377,12,"vrouw",,1,6,6,5,2,4,2,2,5,4,6,1,5,6,1,3,5,4,4,2,6,1,4,6,3
378,30,"vrouw",3,3,5,5,4,4,5,5,6,1,1,2,1,4,5,5,4,4,2,1,2,5,1,5,5,1
379,32,"vrouw",3,4,5,5,4,5,2,6,6,1,1,6,1,5,5,5,4,5,3,4,5,6,1,6,5,1
380,30,"man",2,4,3,2,5,3,4,2,4,4,5,5,4,4,4,2,5,4,5,5,3,6,1,6,6,3
381,32,"vrouw",4,1,4,6,5,6,5,6,5,1,1,2,2,6,6,4,4,4,2,1,1,5,1,6,5,2
382,29,"vrouw",5,1,5,6,6,3,5,5,4,2,4,1,3,4,5,5,5,5,4,5,5,5,2,5,6,1
383,27,"man",3,3,4,4,5,4,5,5,6,1,2,3,3,2,4,5,4,4,4,2,1,5,3,2,3,4
384,48,"vrouw",3,3,4,5,2,3,5,3,4,1,1,6,5,2,1,3,3,3,2,3,2,5,5,2,2,5
385,39,"vrouw",4,1,6,5,6,5,4,4,5,2,5,3,2,5,5,4,1,1,1,1,1,6,1,4,5,2
386,22,"vrouw",3,3,6,6,6,4,5,2,5,4,3,4,2,3,4,5,4,4,6,5,4,3,6,1,5,4
387,26,"vrouw",3,1,6,3,5,3,2,3,2,3,4,4,2,3,3,4,4,6,6,6,6,6,1,4,6,1
388,26,"vrouw",3,1,2,1,4,2,6,5,5,1,1,6,6,4,1,3,2,5,1,5,5,6,1,5,6,1
389,39,"vrouw",2,3,5,5,6,3,5,2,4,1,5,1,1,3,3,5,5,5,2,2,2,6,1,6,4,1
390,32,"vrouw",3,4,6,5,6,6,5,3,2,3,5,1,2,3,4,5,4,4,5,1,5,6,3,4,4,5
391,52,"vrouw",3,1,5,6,6,6,1,5,6,4,1,6,6,3,2,5,4,1,2,6,6,6,5,2,6,5
392,40,"vrouw",3,3,5,5,6,5,5,4,5,2,3,2,4,4,5,4,4,5,5,5,4,5,2,3,5,4
393,40,"vrouw",2,3,6,5,6,6,5,6,5,1,3,1,2,5,6,6,2,4,3,2,2,5,3,5,4,3
394,40,"vrouw",3,1,6,6,6,6,1,5,6,1,1,1,6,5,5,1,1,3,1,2,1,6,1,5,6,1
395,40,"vrouw",3,1,6,4,6,6,5,6,4,3,4,3,2,5,6,2,5,6,6,6,6,6,6,6,6,1
396,23,"vrouw",3,1,6,6,5,6,6,5,6,2,2,5,4,5,3,3,1,5,5,5,6,6,5,3,6,1
397,26,"vrouw",3,5,,5,6,5,6,6,5,1,2,5,2,6,3,6,4,3,2,4,1,6,1,3,2,1
398,51,"vrouw",2,2,6,6,6,6,6,6,5,1,1,1,1,6,5,6,1,1,2,2,1,6,1,6,5,1
399,20,"vrouw",3,1,6,6,6,6,6,5,4,2,3,1,1,6,6,5,1,2,2,1,2,5,1,6,5,3
400,19,"vrouw",1,2,6,5,6,5,5,4,1,3,1,4,1,6,6,5,5,5,5,5,5,4,1,6,5,5
401,28,"man",5,2,5,2,4,2,2,3,2,3,5,5,5,4,2,5,3,4,4,4,4,5,3,5,5,2
402,35,"man",1,2,5,2,5,5,5,6,5,1,3,2,2,5,2,4,2,5,3,5,2,5,2,5,6,1
403,35,"man",1,2,5,2,5,5,5,6,5,1,3,2,2,5,2,4,1,4,2,5,2,5,2,5,6,1
404,35,"man",1,2,5,2,5,5,5,6,5,1,3,2,2,5,2,4,1,4,3,4,2,5,2,5,6,1
405,35,"man",1,2,5,2,5,5,5,6,5,1,3,2,2,5,2,4,1,5,4,4,2,5,2,5,6,1
406,35,"man",1,2,5,5,5,5,5,6,4,2,4,2,2,4,2,4,1,5,4,4,2,5,2,5,6,1
407,35,"man",1,2,5,5,5,5,5,6,4,2,4,2,2,4,3,5,1,5,4,4,2,5,2,5,6,1
408,35,"man",1,2,5,5,5,5,5,6,4,2,4,2,2,4,3,5,1,5,4,4,2,5,3,5,6,2
409,32,"vrouw",4,2,5,2,6,5,2,2,2,4,5,2,1,4,5,2,2,2,2,2,1,6,5,2,3,4
410,24,"vrouw",3,4,5,6,6,3,6,6,6,1,1,2,4,4,5,6,6,6,6,3,2,6,1,6,6,1
411,23,"vrouw",1,2,6,6,6,5,6,5,6,4,4,4,1,4,6,5,1,1,1,5,1,6,1,6,6,1
412,39,"man",3,5,4,5,6,4,6,5,6,1,3,5,5,5,5,6,6,6,4,6,5,5,6,4,6,1
413,48,"man",4,2,5,6,5,5,4,5,5,1,,6,5,3,2,5,4,4,1,1,1,6,1,4,6,1
414,26,"vrouw",1,1,4,4,5,4,2,5,2,4,3,6,5,3,5,5,6,6,6,5,6,3,6,4,5,2
415,28,"man",3,4,4,4,5,5,4,4,4,2,4,4,5,4,5,5,4,4,5,3,2,4,5,5,4,2
416,23,"vrouw",1,1,6,6,6,5,6,5,6,5,4,5,1,5,6,5,1,1,2,5,1,6,4,6,6,2
417,24,"man",3,2,6,6,5,4,4,3,5,1,2,5,2,4,2,5,1,1,1,5,1,5,6,2,5,2
418,29,"vrouw",3,2,5,6,6,5,4,4,4,2,4,3,3,5,5,5,2,3,2,2,1,4,2,5,5,3
419,19,"vrouw",,5,4,2,2,1,4,4,3,6,6,4,1,4,2,6,6,6,6,6,6,6,3,1,6,1
420,29,"man",3,6,1,1,4,1,6,6,6,1,1,6,6,1,1,2,1,1,1,1,1,6,5,6,6,4
421,26,"vrouw",3,1,6,6,6,5,6,6,6,1,1,2,3,6,5,6,3,3,3,1,2,6,1,6,5,1
422,15,"vrouw",,4,4,3,4,2,3,4,4,5,5,6,5,2,2,2,5,4,4,5,5,5,5,4,4,3
423,30,"man",3,3,6,6,6,5,5,5,5,1,2,1,1,5,5,6,4,4,3,2,1,6,1,5,5,1
424,36,"vrouw",3,5,6,5,6,5,5,5,5,4,3,3,2,5,6,5,2,3,2,5,4,6,1,5,2,1
425,33,"vrouw",3,1,6,5,6,5,6,4,5,1,1,1,1,5,5,6,4,5,4,1,5,5,6,5,5,2
426,23,"man",3,2,5,4,6,5,3,5,5,1,2,4,3,2,5,6,2,2,1,1,2,5,2,4,3,4
427,22,"vrouw",2,1,6,6,6,6,1,6,6,1,1,1,1,6,6,6,1,4,5,1,1,6,1,6,6,1
428,17,"vrouw",3,2,5,6,5,4,6,6,4,1,5,1,2,4,5,5,5,5,5,2,2,6,1,6,6,1
429,28,"man",2,2,2,2,1,3,3,4,2,5,5,5,6,2,1,1,2,3,1,2,5,6,2,6,6,1
430,36,"vrouw",3,5,4,4,4,3,6,6,6,1,6,3,2,4,4,5,6,6,4,4,3,6,3,5,4,3
431,29,"vrouw",3,2,5,4,4,6,4,3,3,2,4,3,2,4,5,3,1,1,2,4,2,3,4,5,5,3
432,59,"vrouw",5,2,5,5,5,5,2,1,2,5,4,5,5,5,4,2,5,5,5,6,4,5,6,4,6,2
433,19,"vrouw",3,1,5,6,6,5,5,5,6,1,3,3,3,5,6,5,1,2,1,2,2,6,2,5,6,2
434,27,"man",3,3,6,5,6,6,5,3,3,2,2,1,3,6,4,6,5,6,4,5,5,6,1,5,6,1
435,41,"vrouw",4,1,5,1,5,5,5,4,3,2,2,2,4,3,5,4,1,3,5,2,4,4,2,4,5,2
436,27,"vrouw",4,1,5,6,5,5,5,4,4,1,4,1,2,3,6,4,1,1,1,1,2,4,1,4,5,2
437,24,"vrouw",2,2,6,,5,5,6,5,6,2,3,1,1,6,6,6,2,3,4,1,2,6,6,5,4,2
438,60,"vrouw",5,2,5,5,5,4,6,2,4,2,5,1,2,5,5,5,4,5,5,5,4,6,2,5,6,1
439,52,"vrouw",3,1,5,5,6,6,6,1,5,3,1,6,6,1,5,1,4,5,5,6,1,6,5,1,6,4
440,21,"vrouw",3,1,5,6,6,6,6,5,6,1,2,1,1,5,6,,2,4,2,3,5,6,4,6,6,1
441,20,"vrouw",3,3,5,5,6,5,5,5,3,4,1,4,3,4,4,5,5,6,6,2,2,5,2,5,6,3
442,25,"vrouw",3,2,6,6,6,6,5,5,3,1,1,1,4,5,6,4,1,1,1,1,1,5,1,5,3,4
443,24,"vrouw",3,1,6,5,6,6,5,6,5,1,1,3,4,3,6,4,3,4,4,3,5,3,3,4,5,4
444,25,"vrouw",2,2,2,4,3,2,4,3,4,3,4,4,2,1,5,4,4,4,4,5,1,3,2,2,4,4
445,30,"vrouw",2,2,4,4,3,3,4,2,4,4,2,5,3,3,4,4,2,3,3,3,3,4,2,3,3,3
446,19,"vrouw",3,4,2,1,3,1,3,1,2,4,2,3,4,1,3,2,4,5,4,3,3,2,4,2,6,2
447,17,"man",3,6,5,5,6,6,3,1,4,5,2,3,1,6,5,3,1,1,4,3,1,6,6,6,6,3
448,52,"vrouw",3,2,6,6,6,6,6,6,6,1,1,3,6,6,1,6,4,4,1,1,3,6,1,6,2,1
449,27,"vrouw",3,2,5,6,5,4,4,3,4,5,4,1,2,4,6,5,6,6,6,3,2,4,3,2,3,5
450,55,"vrouw",3,1,6,6,6,6,6,6,5,1,4,1,1,6,6,6,4,6,5,2,4,6,5,6,6,1
451,39,"vrouw",5,1,6,2,6,6,5,4,2,1,2,1,1,5,6,5,5,4,4,4,5,6,1,6,5,1
452,39,"vrouw",3,1,6,6,6,6,6,5,5,1,2,2,1,5,5,6,2,4,2,2,4,6,2,6,6,2
453,39,"vrouw",3,1,3,2,6,3,5,5,5,2,4,5,6,1,3,3,3,4,1,4,1,2,6,1,5,3
454,18,"man",3,3,5,2,5,5,4,4,,4,5,4,2,5,3,4,2,4,5,4,4,4,3,5,5,2
455,51,"vrouw",3,2,6,6,2,6,6,3,5,1,2,1,1,5,5,6,1,2,2,1,1,5,1,6,4,1
456,25,"vrouw",3,1,5,6,6,6,6,5,5,5,1,6,5,5,5,2,1,1,4,1,5,6,6,6,6,5
457,15,"vrouw",1,2,5,5,6,5,6,5,5,3,3,2,3,4,5,5,1,2,2,2,2,6,5,5,4,1
458,42,"vrouw",2,1,4,4,6,4,3,4,2,2,2,2,4,4,4,4,4,4,5,4,4,3,4,3,5,3
459,24,"vrouw",4,2,6,5,6,4,5,6,5,1,2,1,4,5,5,5,4,4,5,5,6,4,1,6,6,1
460,46,"vrouw",3,1,5,5,6,5,5,5,5,1,3,6,4,2,5,5,2,2,4,2,2,5,2,5,3,1
461,37,"vrouw",3,1,6,6,3,6,3,4,6,5,2,6,1,6,6,6,2,5,2,3,4,4,2,6,3,1
462,24,"vrouw",3,4,5,5,6,5,5,5,5,2,2,4,2,2,6,2,1,2,5,2,4,2,6,3,3,3
463,20,"man",3,1,6,5,5,2,1,4,6,4,,3,1,1,3,5,4,4,4,1,4,6,2,4,3,2
464,50,"vrouw",4,2,5,1,6,6,6,6,5,1,1,2,1,6,5,6,2,4,2,2,5,6,1,5,4,1
465,23,"man",2,4,3,5,5,5,4,6,5,2,3,4,1,5,6,6,5,6,5,4,2,6,6,5,5,1
466,18,"vrouw",3,4,4,5,6,5,5,6,6,1,2,3,4,5,6,6,3,3,1,4,1,5,1,5,5,2
467,21,"man",2,2,6,4,2,5,6,3,5,2,1,3,2,4,5,5,3,5,3,1,1,5,2,4,4,2
468,26,"vrouw",3,4,5,4,5,4,5,4,4,5,5,1,4,6,5,6,6,6,6,5,5,5,2,5,5,5
469,53,"vrouw",3,1,5,6,5,6,6,5,5,1,2,2,1,5,1,5,4,5,4,5,4,5,4,4,6,1
470,26,"vrouw",2,3,6,6,6,6,4,5,3,1,1,1,1,5,6,3,1,1,1,2,1,5,3,5,1,1
471,30,"man",3,1,6,6,6,6,5,6,5,1,1,5,2,6,6,6,1,1,1,2,2,5,6,6,6,2
472,34,"vrouw",3,5,6,6,5,6,5,4,6,2,4,3,3,4,4,5,5,4,4,3,2,5,2,5,4,3
473,28,"vrouw",3,2,4,2,6,4,5,5,5,2,2,3,3,5,5,5,3,4,4,2,3,5,2,4,4,2
474,42,"vrouw",2,2,6,5,5,4,5,5,5,,2,1,4,4,6,5,1,4,5,2,6,4,4,4,5,2
475,21,"man",3,1,6,5,5,6,6,6,4,1,2,2,4,4,5,5,3,3,4,3,4,5,4,4,5,2
476,20,"vrouw",3,1,6,6,6,6,1,4,4,4,1,5,1,6,6,6,6,4,6,5,5,6,6,6,3,6
477,26,"man",1,2,4,6,5,6,5,4,4,1,2,4,3,6,5,4,2,5,4,3,4,5,1,5,6,1
478,18,"vrouw",3,1,5,6,6,5,5,4,4,1,2,1,4,4,4,5,4,4,4,2,1,2,6,4,5,1
479,39,"vrouw",3,3,5,5,6,5,3,6,3,3,1,4,2,4,5,6,3,3,4,2,4,5,3,5,4,4
480,45,"vrouw",3,6,1,6,6,6,6,5,6,1,1,4,1,6,6,6,1,1,1,1,1,6,4,5,5,5
481,20,"vrouw",3,2,5,4,6,4,5,5,5,1,2,1,1,5,6,6,5,4,6,3,4,5,1,4,6,2
482,43,"man",3,3,2,4,6,6,6,2,5,1,2,3,2,5,6,4,1,1,2,3,1,6,2,6,5,3
483,23,"vrouw",3,2,4,4,6,4,6,5,3,2,2,5,5,2,3,4,3,3,2,4,2,3,5,5,5,2
484,25,"vrouw",3,2,4,6,5,5,2,6,5,3,2,4,2,4,5,6,4,4,4,4,2,5,2,5,5,4
485,51,"vrouw",3,1,6,5,6,4,6,6,5,1,2,1,5,2,5,6,5,6,4,4,3,4,5,5,5,2
486,26,"vrouw",3,1,5,4,6,4,4,6,5,4,1,6,4,5,4,6,4,6,5,4,4,5,1,5,4,1
487,28,"man",3,1,6,6,6,6,6,6,5,1,1,1,1,5,6,6,1,2,1,1,1,6,1,6,5,1
488,23,"vrouw",3,3,5,5,6,5,6,6,5,1,1,3,2,6,6,6,4,4,4,2,1,6,4,5,2,2
489,34,"vrouw",3,4,6,6,6,5,4,3,4,4,3,2,4,4,5,4,4,5,5,3,2,4,5,4,6,2
490,23,"man",3,1,4,4,4,6,4,4,6,3,3,4,2,4,6,2,2,3,2,1,1,6,2,5,4,2
491,29,"vrouw",3,2,5,5,4,6,4,3,5,2,3,3,2,5,,3,1,2,1,3,2,4,4,5,4,3
492,35,"vrouw",3,1,6,5,6,5,4,5,6,1,1,1,1,5,5,6,5,5,6,1,5,3,6,5,6,5
493,40,"vrouw",3,2,4,2,6,5,3,5,4,2,2,,4,3,4,4,4,4,4,5,6,5,4,3,4,4
494,27,"vrouw",2,6,6,6,6,6,5,6,6,1,1,1,1,6,6,6,6,6,6,1,6,6,6,6,6,1
495,45,"man",4,1,6,4,3,5,5,4,4,3,4,1,2,4,5,3,3,3,4,3,2,5,2,4,6,2
496,60,"man",2,1,6,5,5,6,6,5,5,1,3,1,1,5,6,6,1,2,1,1,1,6,1,6,6,1
497,27,"vrouw",3,2,4,5,6,5,5,5,5,2,4,3,4,4,5,1,2,4,3,5,4,4,5,4,4,3
498,21,"vrouw",3,1,5,5,6,4,5,4,5,4,2,4,4,4,5,3,3,4,4,3,4,5,2,4,6,2
499,25,"vrouw",3,3,4,4,5,5,5,4,3,3,4,2,2,5,6,4,5,5,6,4,4,4,2,4,4,4
500,51,"vrouw",2,1,4,6,5,6,5,2,6,1,1,1,3,5,1,5,6,6,6,6,6,4,1,5,6,1
501,27,"vrouw",3,2,5,5,6,5,1,5,2,1,2,1,5,5,5,3,3,5,1,1,3,3,1,3,4,5
502,24,"man",3,1,5,4,1,5,5,4,5,2,5,6,6,3,1,2,4,4,6,6,5,5,2,5,6,2
503,21,"vrouw",1,1,5,6,6,5,2,5,4,2,1,1,1,4,6,4,3,4,1,1,1,5,6,4,2,3
504,55,"vrouw",2,3,4,,5,3,5,5,4,2,5,3,5,1,2,3,2,5,3,3,2,4,2,6,5,1
505,30,"man",2,5,4,3,4,3,3,2,3,4,4,3,3,5,4,3,5,5,4,5,4,5,1,5,6,3
506,31,"man",3,5,4,4,4,2,5,2,2,4,2,3,4,,4,3,4,4,5,5,2,2,2,2,5,4
507,22,"vrouw",2,3,5,5,5,5,5,4,3,2,4,2,2,4,4,4,5,6,4,3,4,5,4,4,5,2
508,28,"vrouw",3,3,4,4,6,5,5,4,5,2,1,5,3,4,4,4,2,3,3,2,2,4,4,4,5,3
509,24,"vrouw",3,4,5,4,5,2,5,5,5,3,2,3,2,6,2,6,5,5,5,3,5,6,3,6,6,1
510,31,"vrouw",3,1,6,6,6,5,2,5,6,4,6,6,5,5,5,6,4,5,4,4,6,2,6,4,6,3
511,43,"vrouw",3,1,6,4,6,5,2,5,6,1,2,1,3,4,3,5,2,2,1,6,4,4,1,4,5,2
512,60,"man",3,2,4,4,6,5,5,2,5,1,2,2,2,3,5,4,2,5,2,2,1,4,3,4,4,3
513,36,"man",3,2,4,5,3,5,4,4,5,4,5,5,6,3,4,3,3,4,4,4,3,5,5,4,6,5
514,21,"man",3,2,5,4,4,4,2,2,4,2,5,1,1,5,6,5,3,3,1,1,1,5,1,4,4,1
515,21,"vrouw",4,1,6,5,4,5,6,5,6,1,2,1,1,5,5,5,1,1,2,2,3,5,2,5,6,1
516,19,"vrouw",1,4,3,5,6,5,4,5,5,1,2,3,4,4,6,5,5,6,6,3,4,6,3,4,5,3
517,36,"vrouw",3,1,6,6,6,1,1,4,6,1,1,4,1,3,3,2,1,1,1,1,1,1,1,2,5,1
518,42,"man",4,4,5,4,2,2,5,3,3,3,5,5,6,3,5,3,6,6,5,6,3,6,6,5,6,4
519,24,"man",2,4,5,4,6,4,1,1,2,4,5,1,1,3,4,6,6,4,1,1,1,6,5,1,6,6
520,44,"vrouw",3,1,6,6,6,6,6,6,5,1,2,1,1,6,5,5,1,2,1,1,4,5,4,4,5,4
521,30,"vrouw",3,3,6,6,6,5,2,5,5,2,2,3,4,4,5,4,3,4,4,5,6,2,5,4,5,4
522,23,"vrouw",3,1,5,5,6,5,4,5,4,4,4,2,1,5,6,5,2,2,4,4,3,5,5,4,6,2
523,26,"vrouw",2,2,5,3,2,4,2,2,4,4,4,3,3,6,5,4,5,6,4,5,4,6,6,5,6,1
524,32,"man",3,1,6,6,5,6,,5,5,1,1,2,1,6,5,6,1,5,1,1,3,6,3,5,2,1
525,29,"man",3,1,4,5,4,5,3,5,4,2,4,4,3,4,4,4,2,3,1,4,3,4,4,4,5,3
526,47,"vrouw",3,1,6,6,6,5,6,6,6,1,2,3,3,5,6,6,1,3,4,2,3,6,1,6,6,3
527,44,"man",3,2,5,4,6,4,6,5,4,2,1,3,2,3,4,5,2,3,1,1,1,5,5,4,4,2
528,25,"man",3,5,5,5,5,5,5,5,5,5,5,5,5,5,5,5,5,5,5,5,5,5,5,5,5,5
529,28,"vrouw",3,3,6,5,6,5,5,6,5,1,4,2,2,4,6,5,4,4,4,3,3,6,1,5,4,4
530,32,"vrouw",4,1,5,6,6,6,6,6,5,1,4,3,2,6,5,6,4,4,5,3,1,6,1,6,5,2
531,37,"vrouw",3,1,1,5,6,3,5,3,1,2,5,4,3,1,5,4,3,3,3,3,2,5,5,2,6,6
532,39,"vrouw",3,1,6,6,6,6,6,6,5,2,3,1,2,6,5,5,2,5,5,5,4,5,3,4,6,2
533,40,"man",2,1,6,4,6,6,4,4,3,5,2,1,1,3,6,4,1,2,2,2,1,5,1,5,5,2
534,26,"vrouw",4,1,5,5,6,6,6,5,6,1,1,3,1,6,6,5,4,4,4,3,1,6,1,5,1,4
535,27,"man",3,5,4,4,5,5,4,3,4,4,3,3,1,2,3,5,5,5,3,1,1,4,6,4,5,6
536,41,"vrouw",3,2,5,2,5,4,5,4,1,5,5,2,5,1,6,5,4,4,2,4,5,2,6,1,6,6
537,34,"vrouw",3,1,5,5,5,5,2,4,4,6,5,4,6,3,5,1,4,5,4,4,4,5,6,2,5,4
538,23,"vrouw",3,1,6,6,6,6,3,4,1,1,4,1,1,6,6,6,1,1,2,1,1,5,6,3,4,3
539,31,"man",3,3,5,6,6,4,3,5,3,1,1,1,1,5,5,6,4,6,6,5,3,6,1,5,6,2
540,38,"vrouw",3,6,6,6,6,6,5,6,5,1,1,5,5,4,2,5,2,3,1,3,5,5,5,4,5,3
541,44,"vrouw",3,1,6,5,5,5,4,4,4,4,2,2,3,3,5,2,1,1,2,2,5,3,2,4,5,4
542,31,"vrouw",3,3,6,1,5,6,6,3,3,2,4,1,1,5,6,6,3,5,2,3,2,6,3,6,6,1
543,33,"man",5,1,6,5,6,5,4,5,5,2,4,2,3,5,5,4,4,5,5,4,3,5,1,5,6,2
544,28,"vrouw",3,3,2,3,4,2,,3,2,2,3,6,6,2,5,3,6,5,5,2,5,3,6,1,1,3
545,46,"man",3,1,5,5,5,6,6,6,6,1,1,1,2,5,6,6,1,1,1,1,1,6,6,5,4,2
546,36,"vrouw",3,2,6,6,5,3,6,5,6,1,6,1,5,4,4,6,6,6,6,6,6,2,1,3,6,2
547,28,"vrouw",3,4,5,5,6,6,3,5,6,5,3,6,6,5,6,5,5,3,2,1,5,5,6,4,1,5
548,28,"vrouw",3,1,4,6,6,6,3,4,2,2,5,4,3,4,4,4,2,2,2,3,1,4,3,5,6,6
549,42,"vrouw",3,3,6,6,6,5,6,5,6,1,2,3,1,5,6,5,1,3,2,1,1,5,1,5,6,1
550,32,"vrouw",3,1,5,5,6,4,4,4,4,3,2,1,2,4,5,4,3,3,3,1,2,4,2,4,4,3
551,19,"vrouw",3,2,5,2,1,3,4,2,4,4,5,4,4,2,4,3,3,5,5,4,1,5,2,3,3,2
552,25,"vrouw",3,2,5,4,6,5,4,5,4,3,4,1,3,4,5,5,5,5,4,3,3,4,4,4,4,4
553,37,"vrouw",5,4,5,5,6,5,4,6,6,4,4,1,5,4,4,5,3,5,4,4,4,5,4,5,4,5
554,29,"vrouw",3,2,6,5,6,6,6,6,5,4,2,1,2,5,6,5,3,5,1,4,3,6,4,5,5,3
555,32,"vrouw",3,6,2,5,6,2,6,5,3,5,3,5,2,4,5,6,6,6,6,5,6,5,5,4,4,6
556,27,"man",3,1,5,5,6,5,5,5,5,3,3,2,1,5,6,6,3,3,1,2,1,6,5,2,6,4
557,27,"vrouw",3,1,6,4,4,4,4,4,6,2,2,6,6,5,5,6,2,4,4,1,2,6,4,5,6,2
558,39,"man",3,1,5,4,5,5,4,4,3,,4,3,2,4,5,4,4,5,5,6,5,5,6,3,6,2
559,45,"man",,2,5,6,5,4,1,5,6,1,4,4,1,5,4,6,4,4,4,4,1,6,1,5,6,1
560,38,"vrouw",3,4,6,6,2,5,5,5,5,2,1,5,2,6,6,6,2,6,6,3,2,6,6,5,4,4
561,22,"vrouw",1,1,5,5,6,5,4,4,4,1,2,4,2,5,6,5,3,3,2,1,2,6,1,5,5,2
562,23,"vrouw",1,1,6,5,6,4,5,5,5,2,2,2,2,3,6,3,5,5,5,1,4,4,6,5,5,2
563,25,"vrouw",3,5,6,2,6,5,4,5,4,2,4,5,2,3,5,4,1,3,1,2,3,6,2,2,1,1
564,35,"vrouw",3,,6,6,,6,6,6,5,1,1,1,1,5,6,6,1,1,2,1,4,5,1,6,2,4
565,33,"vrouw",3,2,6,5,6,5,4,6,5,1,2,4,4,5,5,6,2,2,4,2,1,5,1,3,5,4
566,28,"vrouw",2,3,6,6,6,3,6,4,6,4,2,1,1,5,6,6,2,3,2,1,2,6,6,5,1,6
567,43,"vrouw",3,1,6,6,6,6,5,6,6,2,4,6,4,5,5,5,2,1,1,2,4,6,1,4,6,2
568,30,"man",1,2,5,5,6,6,4,5,5,1,2,1,2,4,6,5,1,1,1,1,2,6,4,4,1,3
569,27,"vrouw",3,3,4,4,6,4,4,4,3,4,4,1,5,4,3,3,5,5,4,3,3,4,5,4,4,4
570,19,"vrouw",3,4,6,5,6,6,5,5,5,2,2,1,1,4,6,6,2,3,2,2,2,5,4,4,5,4
571,23,"vrouw",2,2,6,4,6,5,4,4,2,4,4,2,2,6,6,5,1,2,5,4,2,5,2,6,6,1
572,31,"vrouw",3,1,6,5,6,6,3,2,5,2,,1,1,4,6,6,3,3,3,3,2,6,2,4,6,2
573,22,"vrouw",1,3,4,2,4,4,5,1,4,2,1,1,4,3,3,4,6,6,6,2,1,3,6,1,5,1
574,40,"man",3,1,6,6,4,5,4,3,4,4,4,3,6,6,3,6,1,3,1,3,1,5,3,6,4,1
575,40,"vrouw",3,1,5,6,6,5,4,4,4,2,5,3,5,1,2,4,2,4,4,6,4,4,4,3,4,3
576,55,"vrouw",3,1,6,6,6,6,2,,6,1,,6,5,6,6,6,4,1,6,4,5,6,1,5,5,1
577,55,"vrouw",3,1,6,6,6,6,2,5,6,1,,6,5,6,6,6,4,1,6,4,5,6,1,5,5,1
578,54,"vrouw",3,1,6,6,6,6,5,6,6,1,1,1,1,6,6,6,1,1,1,1,2,5,2,3,4,1
579,52,"man",3,2,5,5,6,6,2,6,4,1,3,5,4,6,4,5,1,1,1,1,5,6,4,6,4,3
580,25,"vrouw",3,1,6,6,6,6,6,6,5,2,1,5,6,6,5,6,1,2,1,2,1,6,1,6,6,1
581,46,"man",3,2,6,6,6,5,6,5,6,1,1,4,5,4,5,6,3,5,5,4,3,6,1,4,5,1
582,19,"man",3,3,4,4,4,4,4,4,4,2,4,5,3,4,4,4,2,2,3,5,2,5,2,4,5,5
583,27,"vrouw",3,2,5,5,4,3,4,2,5,4,3,3,3,4,4,5,4,5,4,3,5,5,1,4,4,2
584,27,"vrouw",3,1,6,6,4,4,5,4,5,4,5,2,4,4,4,5,4,5,4,2,5,6,1,5,5,2
585,34,"man",3,2,5,6,4,6,6,6,6,1,2,4,3,5,4,6,2,3,3,2,2,6,1,6,6,1
586,21,"vrouw",3,2,6,5,6,3,4,5,5,1,1,3,6,4,3,6,5,6,2,2,4,6,2,4,4,1
587,29,"vrouw",2,4,6,6,5,6,6,6,6,1,1,1,1,6,6,6,4,2,1,1,2,6,4,6,6,2
588,41,"vrouw",2,2,5,4,4,2,4,3,5,4,3,4,4,3,3,3,5,5,6,6,5,4,2,2,5,4
589,52,"vrouw",3,2,5,5,5,1,5,5,2,4,2,2,2,,5,5,1,1,1,1,1,5,1,4,4,2
590,30,"vrouw",3,3,5,3,6,1,4,3,3,5,5,3,6,1,2,2,6,6,6,5,6,3,6,1,6,4
591,50,"vrouw",2,3,5,5,6,5,5,5,5,2,2,2,2,4,5,4,2,2,2,2,4,4,2,4,5,2
592,43,"vrouw",3,4,4,4,4,4,5,4,4,1,2,4,3,3,4,5,4,5,3,4,3,3,5,4,3,3
593,32,"vrouw",5,2,6,6,6,5,2,1,4,4,1,2,2,5,6,4,4,3,2,1,2,6,1,5,6,2
594,19,"man",3,4,3,1,3,3,6,4,4,2,2,3,4,3,4,5,5,5,6,6,6,5,5,4,6,3
595,22,"vrouw",4,2,6,6,6,6,5,5,5,2,3,5,5,5,5,4,1,5,4,6,6,6,2,6,6,2
596,21,"vrouw",3,3,6,4,6,5,5,5,5,2,4,5,2,4,5,5,1,1,2,2,5,4,4,5,4,4
597,50,"man",5,1,3,2,3,2,5,5,2,4,5,5,5,3,2,3,4,4,5,6,2,6,2,5,6,2
598,27,"vrouw",4,1,6,6,4,6,5,5,6,1,2,5,2,4,5,3,4,3,5,4,6,5,1,3,5,6
599,48,"vrouw",3,1,5,4,5,5,1,6,4,1,1,4,4,1,5,5,1,2,1,3,4,3,3,3,1,2
600,12,"vrouw",,4,4,2,4,4,4,4,4,3,4,3,5,2,2,4,2,3,3,4,4,2,2,4,4,2
601,37,"man",3,2,5,5,6,5,6,5,4,2,2,1,1,6,6,6,2,2,2,2,1,6,2,6,4,2
602,18,"vrouw",3,3,5,5,5,4,4,4,4,3,3,4,2,4,4,5,3,3,3,2,2,5,2,5,5,1
603,18,"vrouw",3,2,5,4,5,5,4,4,4,3,3,4,3,3,4,5,3,4,2,3,3,5,2,5,5,2
604,24,"vrouw",3,1,5,5,6,6,5,6,4,2,2,5,4,5,5,5,4,4,2,5,4,4,1,3,4,2
605,23,"vrouw",3,4,6,6,6,6,4,3,1,3,2,1,4,4,6,5,3,6,6,2,1,5,4,3,5,1
606,32,"vrouw",2,1,6,6,6,6,6,5,4,1,1,5,3,4,5,6,3,5,2,2,2,1,2,5,3,2
607,37,"man",4,1,4,5,5,5,4,2,4,2,4,4,2,2,5,3,2,2,2,2,1,5,1,5,6,2
608,19,"man",3,1,6,6,6,5,6,5,5,1,2,5,5,4,5,2,2,3,5,2,2,6,2,5,4,2
609,29,"vrouw",3,2,4,4,5,2,5,5,1,1,6,3,4,3,2,1,2,2,4,6,4,2,2,6,5,1
610,20,"vrouw",3,2,5,2,6,4,6,5,4,1,2,2,2,5,5,5,1,1,1,1,1,5,1,3,5,2
611,26,"vrouw",4,1,5,6,6,5,4,2,4,1,1,2,2,5,6,5,1,2,1,1,2,4,4,6,4,1
612,33,"vrouw",4,2,4,2,5,4,5,5,4,4,6,5,5,2,2,4,4,5,5,6,4,6,1,6,6,1
613,38,"vrouw",5,4,4,4,6,2,2,4,4,3,4,5,4,2,4,4,2,3,4,5,3,4,2,5,5,4
614,26,"man",2,1,5,6,6,6,6,5,5,1,5,1,6,6,6,5,4,5,5,1,1,4,1,6,3,3
615,36,"man",3,5,6,6,6,6,5,5,4,1,1,5,1,5,6,3,1,1,3,1,1,5,1,6,4,4
616,41,"vrouw",3,1,6,6,6,6,6,5,5,3,1,5,4,4,4,5,1,1,2,4,2,6,2,4,6,1
617,34,"vrouw",5,1,5,5,6,6,5,3,4,2,3,3,5,4,5,4,4,5,3,2,5,4,2,5,6,2
618,35,"vrouw",3,1,6,5,6,4,4,2,4,5,3,1,6,4,4,1,4,5,4,4,1,1,1,2,5,1
619,40,"vrouw",3,3,6,5,6,5,3,5,5,1,1,3,1,3,4,4,3,3,2,3,4,4,4,4,4,2
620,33,"vrouw",3,6,1,1,1,1,6,6,6,1,1,6,6,1,1,6,6,6,6,6,1,6,1,6,6,1
621,28,"vrouw",3,5,5,4,5,5,5,5,5,3,1,4,5,4,4,5,4,4,4,4,4,4,5,4,4,4
622,29,"vrouw",3,1,6,5,2,5,5,5,3,3,5,1,1,4,6,4,5,5,6,5,5,4,2,4,3,2
623,17,"vrouw",,6,1,1,2,3,2,4,2,4,4,3,5,4,3,4,5,6,4,4,4,5,1,4,4,2
624,50,"vrouw",3,2,5,5,5,4,4,5,5,2,1,1,1,3,5,4,1,2,2,4,1,3,2,4,5,2
625,20,"man",3,2,,5,3,6,2,1,5,2,6,1,1,5,6,6,6,6,5,5,3,4,6,3,3,3
626,19,"vrouw",3,5,5,5,6,3,4,5,5,2,2,4,6,4,5,4,5,5,5,4,4,5,4,1,2,5
627,25,"vrouw",2,4,6,6,6,4,4,6,6,3,5,3,2,6,5,6,6,6,4,3,6,6,6,5,6,4
628,31,"vrouw",3,2,5,4,4,4,3,4,3,4,5,2,4,4,4,4,5,5,2,4,6,4,5,3,4,3
629,32,"vrouw",4,3,4,5,6,5,6,4,4,2,4,2,3,4,6,6,5,6,2,2,3,4,3,2,6,3
630,32,"vrouw",3,2,6,6,6,6,5,5,5,2,4,2,4,5,6,5,4,5,2,2,1,5,1,5,6,2
631,22,"vrouw",3,1,5,6,5,5,6,6,5,2,2,3,2,5,4,2,1,5,4,2,4,4,1,5,5,1
632,23,"vrouw",3,2,6,3,6,5,6,6,6,1,1,4,2,1,2,2,4,5,4,5,4,4,2,4,5,3
633,18,"vrouw",1,1,6,5,2,5,1,2,3,3,1,1,2,5,1,3,1,1,1,1,1,2,2,4,5,2
634,30,"vrouw",3,,6,3,5,4,5,5,5,1,2,2,4,3,5,4,3,4,6,6,5,5,2,3,6,2
635,33,"vrouw",3,2,6,6,,6,4,3,4,1,1,3,1,4,5,5,1,2,1,2,1,6,1,4,6,3
636,51,"man",2,5,5,5,6,5,6,6,4,4,4,6,5,2,3,3,4,5,2,4,1,5,5,4,6,1
637,44,"vrouw",4,1,5,4,2,5,5,5,4,2,4,5,2,5,5,5,2,1,5,5,1,6,1,5,6,1
638,23,"vrouw",3,4,5,6,1,5,6,5,4,2,5,1,4,3,5,6,5,6,6,5,1,4,4,5,4,1
639,22,"man",3,4,4,5,4,4,4,4,3,,4,5,4,3,4,3,5,5,2,4,4,3,3,4,6,5
640,26,"vrouw",3,2,6,6,5,5,4,4,3,4,3,1,1,6,6,6,4,4,3,1,4,5,1,6,6,2
641,24,"vrouw",3,2,5,5,6,4,4,4,2,3,5,2,5,4,4,4,4,4,4,5,4,4,3,4,5,2
642,52,"vrouw",3,1,6,6,6,6,5,5,2,4,5,2,3,6,5,5,5,6,6,6,5,4,5,6,6,2
643,43,"vrouw",3,1,6,5,6,6,6,6,6,1,1,1,1,5,6,6,1,1,1,1,1,6,1,6,5,2
644,25,"man",3,3,4,6,4,5,5,4,3,,4,4,3,4,5,4,4,3,3,2,1,5,2,4,4,5
645,26,"vrouw",3,2,6,6,6,6,,5,2,1,2,1,1,5,6,5,1,3,2,2,3,6,2,6,5,3
646,26,"vrouw",2,2,5,5,6,5,4,5,5,2,5,2,2,5,5,,2,2,4,2,2,5,4,5,5,2
647,25,"vrouw",4,3,6,6,6,5,5,6,6,2,1,5,4,5,5,6,5,6,6,2,5,5,2,5,6,2
648,26,"vrouw",2,1,6,6,6,6,6,6,6,1,1,1,1,6,6,6,1,1,1,1,1,6,1,6,5,2
649,41,"vrouw",2,3,4,4,4,4,5,3,4,3,5,4,4,2,3,4,5,6,6,4,5,4,2,3,5,4
650,21,"vrouw",1,2,4,4,3,5,3,4,3,4,4,3,5,5,4,3,5,5,6,4,6,5,2,5,6,1
651,23,"vrouw",3,2,6,6,6,5,6,6,5,3,3,4,5,4,4,4,3,5,3,3,3,4,2,5,6,4
652,34,"man",4,5,2,3,5,4,6,4,5,2,4,5,6,2,2,2,4,3,1,3,1,6,2,2,6,2
653,41,"vrouw",3,1,6,6,6,6,6,5,6,1,1,2,3,3,6,5,2,2,2,1,1,5,1,4,6,1
654,23,"vrouw",3,3,5,3,5,5,6,4,4,2,5,2,2,2,6,4,4,4,3,2,2,6,1,5,6,1
655,24,"man",2,1,6,5,6,5,6,5,5,4,2,4,5,4,5,5,3,3,5,4,6,4,5,6,5,4
656,45,"vrouw",4,1,5,5,5,6,5,5,5,2,1,6,5,2,5,3,5,5,5,6,5,2,2,5,4,2
657,43,"vrouw",3,3,4,5,6,5,4,6,4,1,1,2,2,5,5,6,3,3,3,2,1,6,3,5,4,5
658,15,"vrouw",,2,5,5,6,4,3,4,4,3,3,4,4,4,4,5,4,5,4,4,4,4,5,4,4,3
659,15,"vrouw",,1,6,6,4,5,5,4,5,2,1,2,2,5,6,5,1,4,3,4,1,4,1,5,5,2
660,16,"man",,2,5,5,3,5,5,6,3,1,6,1,2,4,5,5,5,5,6,5,4,6,1,5,5,2
661,16,"man",,5,6,6,4,5,5,5,4,2,3,3,2,5,6,4,1,2,2,2,2,6,1,3,5,2
662,15,"man",,5,4,5,1,5,3,5,5,4,2,3,4,4,3,2,4,5,3,5,2,6,2,5,5,1
663,16,"man",,3,5,2,,5,4,3,3,3,5,4,4,3,4,2,4,4,2,2,1,5,1,4,5,2
664,27,"vrouw",4,1,6,5,6,5,4,5,5,1,2,1,2,4,5,4,1,2,2,1,2,5,1,4,5,2
665,37,"vrouw",5,1,6,6,6,6,5,6,6,2,1,1,4,6,4,5,6,5,4,5,6,2,4,4,6,2
666,25,"vrouw",2,1,5,6,6,1,3,5,5,2,2,2,1,4,6,4,1,1,2,3,3,5,3,4,2,5
667,16,"vrouw",,3,2,4,1,4,5,6,3,2,4,4,3,2,4,5,4,6,5,4,1,3,1,4,2,3
668,21,"vrouw",3,1,6,4,5,4,5,5,5,1,4,3,3,5,5,5,3,4,2,2,2,4,6,4,5,4
669,16,"man",,5,6,3,2,2,5,6,6,1,2,5,3,4,5,4,2,5,3,3,5,6,1,6,6,5
670,16,"man",,4,4,3,3,3,3,3,3,3,4,3,4,3,6,3,3,3,4,3,3,3,3,3,3,3
671,27,"man",3,2,3,4,4,5,3,2,5,4,6,3,2,4,5,2,2,4,1,2,1,3,3,3,4,3
672,30,"man",3,2,4,4,3,5,3,2,3,4,4,4,2,5,5,5,1,1,2,2,1,4,1,3,6,2
673,23,"man",3,2,5,5,6,5,5,5,5,5,4,6,4,3,5,2,2,2,2,3,3,6,2,4,6,5
674,26,"vrouw",3,2,5,5,3,2,5,4,6,1,4,3,6,2,1,5,6,6,6,3,2,5,1,4,3,2
675,17,"vrouw",3,2,6,5,6,5,6,6,6,1,5,2,2,4,5,4,1,4,4,1,2,5,6,3,4,3
676,35,"vrouw",3,2,4,4,4,5,3,4,3,3,4,4,4,3,4,4,3,3,3,4,2,5,2,4,5,2
677,18,"man",3,3,1,5,6,4,5,6,1,2,1,5,3,5,6,5,1,1,1,1,1,6,4,6,6,1
678,19,"man",3,2,4,2,2,3,5,5,5,2,2,4,5,2,3,2,4,5,3,4,4,5,3,4,4,5
679,42,"man",2,2,5,6,6,2,5,5,5,1,2,2,5,2,2,5,2,5,6,2,6,4,6,4,6,2
680,19,"vrouw",3,2,6,6,6,5,5,5,6,2,2,1,2,5,6,4,2,4,4,2,4,5,2,5,4,2
681,35,"vrouw",3,1,6,6,5,5,5,4,5,2,6,1,2,6,6,6,5,6,5,4,6,6,6,5,5,2
682,52,"vrouw",3,1,6,,6,6,5,6,5,,1,1,3,6,5,5,1,1,5,1,1,5,1,4,5,2
683,19,"man",3,2,5,4,5,5,4,4,5,3,4,3,2,4,5,5,4,3,2,2,2,5,4,4,4,4
684,41,"vrouw",3,2,6,5,5,2,4,6,5,2,4,2,6,4,3,5,2,4,5,4,2,4,4,5,5,1
685,23,"vrouw",4,1,6,5,6,6,5,5,6,2,2,2,2,5,5,6,4,4,1,1,3,5,3,4,5,2
686,42,"vrouw",3,1,6,6,,5,1,6,6,1,1,2,5,4,4,6,5,5,6,4,3,5,1,2,5,1
687,19,"man",1,2,5,5,5,5,3,4,5,2,4,2,2,6,6,6,3,2,3,2,2,5,4,5,6,2
688,45,"vrouw",3,1,6,6,6,1,4,2,2,2,4,1,1,6,5,6,2,2,2,3,2,6,1,6,5,1
689,44,"vrouw",3,1,5,4,5,5,6,5,6,1,1,2,1,5,6,5,3,3,4,2,3,5,1,5,5,2
690,21,"man",3,1,3,4,4,4,5,6,4,4,4,6,4,2,3,2,3,2,1,1,2,5,1,4,6,2
691,19,"vrouw",1,2,6,5,6,4,5,5,6,2,3,1,2,5,6,5,3,5,2,2,2,5,4,5,3,3
692,18,"man",3,3,6,5,4,4,5,5,6,2,4,4,4,3,4,5,4,4,5,4,5,6,4,6,6,2
693,34,"man",5,1,1,5,6,6,6,5,2,1,5,4,5,2,5,3,3,4,4,2,3,6,1,6,6,1
694,25,"man",5,2,6,4,2,5,,3,3,1,1,5,4,6,3,5,1,1,1,4,1,6,1,5,4,1
695,53,"vrouw",5,1,6,5,6,5,6,6,6,1,2,1,2,4,6,6,1,4,1,3,1,6,1,5,6,1
696,36,"vrouw",3,1,5,5,6,5,3,4,3,2,2,2,3,3,5,3,3,3,3,3,2,4,2,2,5,2
697,19,"man",1,5,4,6,2,4,4,4,4,3,5,5,4,2,4,5,5,6,5,4,5,5,1,5,6,6
698,23,"man",5,3,5,5,3,4,4,4,6,2,4,1,3,5,5,6,3,5,4,5,3,6,2,4,6,2
699,19,"vrouw",3,1,6,6,5,6,4,5,5,2,2,2,1,3,5,5,1,1,2,2,1,6,4,4,3,2
700,26,"vrouw",3,3,4,5,6,2,3,5,4,2,3,3,2,3,5,4,2,3,2,2,5,2,2,3,2,2
701,23,"vrouw",2,2,4,4,6,4,4,5,4,2,2,1,2,4,5,4,4,3,5,6,2,2,3,5,5,3
702,25,"man",3,3,4,4,6,5,3,3,2,3,4,1,1,3,6,4,2,2,1,1,1,4,3,4,3,2
703,17,"vrouw",,3,3,3,4,5,3,5,5,1,6,1,4,4,5,5,4,3,4,2,4,5,4,4,4,3
704,17,"vrouw",1,2,5,4,4,3,4,3,4,3,4,3,4,3,3,3,4,4,4,4,2,4,3,3,5,4
705,17,"vrouw",1,3,5,2,1,2,5,1,2,2,4,1,2,5,5,6,4,6,3,2,3,5,2,6,5,5
706,17,"man",,4,6,4,2,4,4,4,4,4,4,4,2,3,5,3,4,5,2,2,2,5,1,4,5,3
707,16,"vrouw",3,2,5,5,2,4,5,5,4,3,4,2,2,4,5,5,5,6,5,5,5,2,3,4,6,2
708,17,"man",,3,6,6,3,4,3,4,6,2,1,6,3,1,4,4,2,1,2,6,6,6,2,6,2,3
709,17,"man",,1,5,6,5,5,5,4,4,2,2,2,1,5,6,4,2,3,2,4,1,6,4,4,5,3
710,17,"man",,2,4,5,1,5,4,2,2,4,3,2,5,4,4,4,3,4,3,3,4,5,5,3,4,4
711,20,"vrouw",3,1,5,4,5,5,6,6,2,1,1,,6,2,5,5,4,4,5,6,6,4,2,3,6,4
712,17,"vrouw",,3,4,6,1,2,5,5,2,3,5,1,6,5,4,5,4,5,5,6,2,3,2,5,6,4
713,17,"man",,3,4,2,3,4,4,5,3,3,5,2,4,5,5,5,4,4,4,5,2,5,2,5,6,1
714,16,"man",,2,5,6,5,4,3,2,2,5,6,2,3,3,6,4,3,3,5,4,3,3,2,3,6,2
715,17,"vrouw",,2,5,6,2,4,6,6,6,1,4,3,2,2,5,3,2,4,1,5,5,3,4,2,6,3
716,17,"vrouw",,2,4,5,2,3,4,4,4,2,4,1,5,4,4,4,4,4,4,5,4,4,3,4,4,3
717,17,"man",,1,5,5,5,5,3,4,3,4,4,1,4,5,4,6,3,3,3,2,4,5,1,4,6,2
718,24,"vrouw",3,1,5,5,6,4,5,5,3,2,3,5,4,2,2,5,5,2,4,2,4,5,2,5,5,1
719,18,"man",3,2,6,6,6,6,5,5,5,3,4,2,1,5,6,6,2,5,3,2,1,5,2,5,5,2
720,22,"man",3,1,5,6,2,3,5,3,2,2,4,5,4,4,5,6,2,3,5,5,2,6,4,6,6,2
721,27,"vrouw",3,3,6,6,6,6,6,5,6,2,1,1,1,6,6,5,2,2,3,2,2,6,1,5,6,1
722,32,"vrouw",3,2,5,5,5,5,4,4,5,2,2,3,2,2,5,2,1,1,2,2,1,2,4,2,4,3
723,34,"man",1,1,6,6,6,5,5,6,6,4,3,4,4,5,5,5,4,2,2,3,4,6,4,6,6,1
724,22,"vrouw",4,1,6,5,2,4,5,3,5,1,1,1,1,3,6,5,5,4,4,1,1,6,1,6,6,1
725,21,"man",5,2,5,5,4,5,5,4,4,2,5,2,4,5,5,3,3,3,3,2,3,4,1,4,3,3
726,24,"vrouw",3,1,5,5,6,4,5,5,5,2,2,2,2,2,2,6,5,6,2,4,4,6,1,5,5,2
727,19,"vrouw",3,2,6,3,3,3,2,2,4,3,4,4,6,3,2,3,5,5,5,5,4,3,2,4,6,3
728,30,"vrouw",3,1,4,6,6,6,4,5,5,2,3,1,4,5,6,,3,3,2,1,1,4,3,6,5,1
729,20,"vrouw",3,4,5,5,6,5,4,6,5,2,2,5,2,4,5,5,3,3,3,3,3,6,2,5,6,2
730,19,"vrouw",2,3,4,4,2,4,2,2,4,5,6,2,2,4,5,5,6,6,5,5,4,4,4,4,5,3
731,23,"vrouw",4,1,5,6,6,4,5,5,4,2,2,5,5,2,3,3,2,4,4,4,5,3,2,4,6,3
732,19,"man",1,3,3,4,2,3,3,3,3,3,4,3,4,4,4,2,3,3,2,3,3,3,4,3,4,4
733,21,"vrouw",3,1,6,5,5,5,4,4,3,3,5,1,2,5,5,4,2,2,3,2,2,5,2,5,5,1
734,21,"man",3,1,5,5,4,4,4,4,6,3,5,1,1,4,6,5,3,4,4,3,2,6,1,6,6,1
735,25,"man",3,1,5,4,5,5,5,5,5,3,3,2,4,6,2,4,4,3,5,2,5,4,2,6,5,2
736,22,"vrouw",3,3,4,5,5,4,4,4,4,4,5,2,2,3,6,4,2,3,2,2,3,5,4,4,4,2
737,21,"man",3,5,6,6,5,5,5,5,6,1,1,6,1,5,5,6,1,1,1,1,1,6,1,6,5,1
738,14,"vrouw",,1,4,3,5,3,1,5,5,6,6,6,6,2,2,1,5,4,6,6,6,4,6,4,6,1
739,21,"man",3,4,3,4,4,3,5,4,5,3,3,2,2,4,5,5,4,4,4,3,2,4,3,5,4,3
740,19,"vrouw",2,2,5,4,2,4,4,4,4,2,2,2,3,5,4,4,2,3,2,2,3,4,2,5,5,2
741,13,"vrouw",,5,3,4,4,5,4,3,2,4,4,1,1,3,6,4,4,4,2,2,3,3,2,5,3,3
742,31,"vrouw",2,3,3,5,6,5,3,5,5,2,2,1,2,4,6,6,2,2,5,1,3,5,3,3,3,3
743,34,"vrouw",4,1,5,5,2,5,5,5,3,2,4,5,4,4,4,5,2,4,2,3,1,5,2,2,5,2
744,15,"vrouw",,4,5,2,1,4,5,4,5,4,4,5,5,4,5,3,5,5,5,5,5,4,5,5,6,3
745,37,"vrouw",1,1,5,1,5,6,3,5,5,4,1,1,4,4,5,5,2,5,1,1,1,6,1,6,6,5
746,39,"vrouw",5,2,5,5,4,5,5,4,4,4,5,1,2,5,6,5,3,3,1,2,3,4,4,5,4,2
747,17,"vrouw",,1,6,6,6,6,4,4,4,2,3,1,5,6,5,5,5,6,6,4,5,5,2,5,6,2
748,16,"man",1,1,6,3,4,2,5,6,5,1,1,2,3,4,5,4,4,1,3,2,5,5,2,6,6,1
749,16,"man",1,3,5,6,6,5,4,4,3,3,3,2,3,5,6,4,1,4,3,2,2,3,5,4,5,1
750,16,"man",,4,4,2,1,5,6,4,4,2,5,1,4,5,5,4,2,2,1,1,1,6,1,6,6,1
751,40,"man",,1,1,1,3,1,1,1,1,6,6,1,6,1,2,1,6,4,5,3,5,1,6,1,2,6
752,17,"vrouw",,2,4,3,2,4,3,3,4,2,3,5,2,2,4,4,1,3,6,5,4,5,1,4,6,1
753,17,"vrouw",1,4,6,6,1,6,6,5,6,1,1,1,3,4,5,5,5,6,5,1,6,5,3,6,5,1
754,17,"man",,3,5,4,3,4,4,4,4,5,5,5,2,3,4,5,5,5,5,4,3,4,6,3,6,2
755,17,"man",,1,6,5,5,4,4,2,3,2,2,1,2,5,6,5,2,4,2,1,5,4,4,4,5,3
756,74,"man",5,4,3,1,1,5,6,6,4,1,1,6,2,6,1,5,4,2,1,2,1,6,1,6,6,1
757,17,"vrouw",1,1,6,,6,6,4,5,5,6,4,1,1,5,6,6,4,5,5,2,2,5,1,5,5,2
758,48,"man",4,5,2,2,2,4,6,6,6,1,1,1,1,5,6,6,2,5,1,1,1,6,1,6,1,1
759,32,"vrouw",3,2,5,5,5,2,4,5,4,4,4,2,2,5,5,4,4,5,1,3,4,5,3,5,5,2
760,44,"vrouw",4,2,5,5,2,5,6,5,5,1,2,3,2,5,5,6,1,1,4,4,1,6,1,5,6,1
761,40,"vrouw",3,2,6,6,6,6,6,6,5,1,3,1,1,5,6,5,2,2,2,4,6,5,2,4,2,4
762,23,"vrouw",4,2,5,5,5,5,5,5,4,3,2,1,2,6,5,5,2,3,3,2,3,5,3,5,4,2
763,40,"vrouw",3,1,6,3,5,6,5,5,6,1,4,1,1,4,6,5,4,4,4,2,2,5,2,6,4,4
764,39,"vrouw",3,1,6,6,6,6,5,5,4,2,2,2,2,3,6,5,2,2,2,1,2,5,2,4,5,2
765,17,"man",,6,5,5,4,5,4,2,4,3,5,2,3,5,5,4,4,4,5,4,5,4,2,5,6,1
766,25,"vrouw",3,4,4,3,5,4,4,5,2,4,5,4,4,3,4,2,6,5,5,5,5,3,6,2,5,4
767,24,"vrouw",1,3,5,5,6,5,3,5,4,2,2,3,4,4,3,4,1,2,1,1,1,4,2,4,5,2
768,14,"man",,2,5,5,4,5,3,3,4,3,4,1,1,5,6,2,4,2,1,1,4,4,2,4,4,3
769,26,"vrouw",3,2,5,5,5,,4,5,5,5,6,1,2,4,6,3,6,5,3,5,6,3,2,5,3,3
770,34,"man",4,2,6,4,4,4,4,4,5,1,2,1,3,4,4,6,4,3,1,1,1,5,1,4,3,1
771,20,"vrouw",3,4,5,4,2,5,3,4,4,3,5,3,4,4,6,4,3,5,4,3,4,5,2,5,4,2
772,63,"vrouw",3,2,5,2,4,6,4,1,2,5,5,1,3,2,5,2,2,2,5,6,6,5,1,5,6,1
773,28,"vrouw",5,1,6,6,6,6,4,6,5,2,2,1,1,6,6,6,1,4,4,4,4,6,1,6,6,1
774,48,"vrouw",2,2,5,6,6,5,5,5,5,2,,1,1,4,6,5,1,2,4,2,1,4,1,5,5,4
775,39,"vrouw",3,5,5,4,6,4,6,5,5,2,4,3,4,3,6,4,3,4,5,5,2,4,5,2,5,2
776,35,"man",4,3,5,5,5,5,5,5,5,2,2,2,1,5,6,6,1,1,2,1,1,6,3,5,5,2
777,46,"vrouw",2,5,5,5,4,5,5,4,4,2,3,3,5,5,5,,2,4,2,2,1,5,4,4,4,4
778,20,"man",3,2,5,5,4,2,4,4,5,1,4,2,4,3,4,4,1,1,2,4,2,5,1,5,5,1
779,23,"vrouw",3,1,5,5,6,5,5,6,6,1,2,5,2,2,5,5,2,2,1,1,2,5,6,2,2,4
780,39,"vrouw",3,2,2,5,5,4,5,,5,1,1,1,2,3,5,5,3,2,4,4,1,5,1,5,5,2
781,42,"vrouw",2,1,6,6,6,1,5,2,5,2,4,2,4,4,6,4,1,1,1,1,2,5,3,1,2,3
782,26,"man",3,2,5,5,6,5,4,5,6,,1,2,2,4,4,6,4,4,4,1,4,4,6,4,4,4
783,19,"vrouw",3,1,5,5,6,4,4,4,4,5,6,1,3,3,2,4,6,6,4,6,3,5,5,5,6,2
784,22,"vrouw",3,2,4,6,1,4,6,3,4,3,5,1,1,3,1,6,6,4,1,4,6,1,1,6,6,2
785,23,"vrouw",3,3,5,5,5,6,4,4,6,3,3,2,2,5,6,6,2,2,3,3,3,5,4,5,6,3
786,24,"vrouw",3,2,6,6,6,6,5,5,6,2,1,2,1,6,6,5,2,3,2,2,4,6,4,5,6,3
787,25,"vrouw",4,1,6,6,6,5,6,6,5,1,1,2,3,5,5,5,2,5,6,2,6,5,2,5,5,1
788,21,"vrouw",3,4,6,4,6,4,5,5,4,5,6,1,1,2,5,4,5,6,6,6,6,1,6,2,5,6
789,39,"vrouw",4,3,5,5,5,2,5,3,5,2,5,4,2,4,1,5,3,4,5,4,4,4,1,2,4,3
790,31,"man",5,3,5,5,5,5,5,2,5,2,2,2,2,5,5,5,2,1,2,2,2,3,1,3,3,2
791,18,"man",1,3,4,4,4,2,5,4,5,2,2,2,2,4,6,4,5,5,3,4,1,4,4,4,6,4
792,20,"man",3,6,3,2,4,4,6,6,6,1,2,4,4,5,6,5,1,4,1,1,1,6,2,6,6,1
793,20,"man",3,6,2,1,4,4,6,6,6,1,1,4,4,5,5,5,1,3,1,1,1,6,2,6,4,1
794,24,"man",4,3,5,5,5,5,5,5,5,2,4,5,6,4,5,3,1,1,1,1,2,5,2,4,5,3
795,57,"vrouw",,4,4,5,4,6,2,2,2,4,6,1,2,4,5,3,1,1,3,4,3,5,4,3,3,2
796,22,"man",3,1,6,6,5,6,4,4,5,3,3,2,3,5,5,5,1,4,3,4,5,4,1,5,6,3
797,21,"vrouw",3,2,5,5,6,4,4,4,4,4,4,2,4,4,4,5,4,4,5,4,3,4,1,5,6,3
798,23,"vrouw",4,2,5,4,4,5,3,3,5,5,5,5,5,3,5,4,3,2,2,6,5,3,5,3,5,4
799,22,"vrouw",3,3,5,5,5,5,4,4,5,3,,2,2,4,5,4,1,3,3,1,2,5,4,4,4,3
800,20,"vrouw",3,1,5,4,6,5,4,4,5,3,5,3,5,5,5,4,6,6,5,5,5,5,3,5,6,5
801,31,"vrouw",3,1,5,1,6,6,4,6,4,4,5,,2,5,6,5,4,5,5,4,6,6,2,5,6,2
802,48,"man",2,2,5,5,2,4,2,3,2,4,5,4,4,4,3,2,4,5,6,6,5,4,4,5,6,2
803,29,"vrouw",5,1,6,6,4,5,6,4,6,1,2,1,2,3,5,4,1,4,4,2,1,5,2,3,4,4
804,23,"vrouw",3,2,5,5,5,3,5,5,4,3,4,5,4,1,2,5,4,5,5,2,2,6,5,3,6,2
805,34,"vrouw",1,1,6,6,5,5,6,5,4,1,2,2,1,5,5,4,3,3,3,3,4,4,1,6,4,1
806,21,"man",3,5,5,4,5,5,4,4,4,2,4,1,2,5,5,5,2,3,2,1,1,5,2,4,4,2
807,27,"vrouw",3,4,6,5,5,6,5,6,6,2,4,5,4,4,5,6,5,5,4,6,4,6,5,5,5,5
808,28,"vrouw",4,1,4,2,3,4,2,2,4,3,5,5,4,4,4,1,1,1,1,1,1,2,4,2,3,5
809,19,"man",3,1,,4,6,3,6,6,2,2,4,1,5,6,6,5,1,2,2,5,3,6,2,5,6,1
810,16,"vrouw",1,1,4,3,6,3,3,1,2,4,6,1,3,4,6,4,5,6,4,5,5,6,6,2,2,3
811,41,"man",4,1,4,5,6,6,6,5,5,1,2,5,2,4,6,5,4,4,2,3,1,4,4,4,5,3
812,34,"vrouw",2,2,6,5,5,5,4,1,5,4,6,1,5,6,4,4,5,6,6,5,4,5,1,6,6,1
813,32,"man",4,1,6,6,6,6,6,5,5,1,1,1,1,5,5,6,1,1,1,1,1,6,2,5,2,1
814,31,"man",1,6,6,6,6,6,6,5,1,1,1,6,6,1,6,6,1,6,1,6,1,6,6,1,6,1
815,22,"vrouw",3,3,5,3,4,2,5,5,4,2,5,3,2,3,2,5,5,4,3,2,2,6,1,6,6,1
816,31,"vrouw",3,4,6,6,6,6,6,6,6,4,1,1,3,6,5,5,1,4,5,5,6,5,5,5,6,5
817,33,"vrouw",,6,2,4,1,5,5,5,5,2,4,2,4,3,5,5,6,6,6,5,4,4,2,3,5,1
818,35,"man",2,1,5,4,4,4,3,2,5,4,5,5,6,3,2,1,1,1,4,6,1,4,1,4,6,4
819,48,"vrouw",2,3,5,5,6,5,5,5,6,2,3,2,4,3,6,4,3,2,3,2,1,4,3,4,5,3
820,34,"man",5,1,2,5,6,5,3,4,5,1,1,2,2,5,5,5,1,1,2,4,2,5,1,5,5,2
821,31,"vrouw",5,1,6,6,4,5,5,6,5,2,4,2,2,4,4,6,2,2,5,4,1,6,1,5,6,1
822,32,"man",4,2,4,4,4,5,4,4,2,2,4,4,5,2,5,4,1,4,1,2,1,5,1,5,5,3
823,20,"vrouw",3,2,4,3,4,3,2,3,5,4,5,5,5,1,3,4,5,5,5,6,5,5,2,5,6,6
824,19,"vrouw",3,5,4,5,4,4,4,6,4,2,3,1,2,5,4,6,1,4,1,1,1,5,1,5,5,1
825,50,"vrouw",5,1,5,5,6,5,5,5,2,2,2,4,2,4,5,5,2,4,2,2,1,1,4,5,5,3
826,35,"vrouw",3,6,6,6,6,6,6,6,6,1,1,4,1,5,6,5,1,4,5,5,6,4,4,5,6,6
827,23,"vrouw",2,4,6,5,6,5,3,3,2,3,6,6,6,6,1,3,1,2,4,5,1,3,6,4,6,4
828,18,"man",1,4,3,3,4,3,5,5,4,3,5,5,4,2,3,3,3,3,2,3,3,5,1,5,6,2
829,21,"vrouw",1,2,5,5,6,5,3,5,5,2,1,2,2,5,6,5,2,3,2,1,1,5,5,4,3,2
830,20,"vrouw",3,2,5,5,6,5,4,3,3,2,3,5,4,4,5,2,4,4,4,3,3,6,2,4,6,2
831,54,"man",5,1,6,5,4,6,4,2,4,4,5,2,2,5,4,5,4,4,4,4,4,6,2,4,4,4
832,51,"vrouw",3,4,3,6,4,6,2,5,6,1,1,5,2,6,1,2,3,3,1,4,3,4,6,4,6,3
833,20,"vrouw",2,3,4,4,6,4,3,4,4,4,1,1,4,4,4,5,1,4,1,2,4,6,4,4,1,1
834,38,"vrouw",1,1,6,4,4,4,6,2,5,2,1,6,5,1,4,1,1,6,5,4,6,2,6,1,6,1
835,53,"vrouw",4,1,5,5,1,6,6,5,5,1,6,2,1,5,5,6,1,1,5,5,6,4,5,5,5,4
836,17,"vrouw",,2,4,2,2,3,5,5,5,3,5,4,4,2,5,5,5,5,5,5,3,5,3,4,6,2
837,33,"vrouw",1,6,6,1,3,5,6,6,6,1,1,3,1,2,2,6,1,2,2,3,1,6,1,4,1,3
838,17,"vrouw",3,5,4,1,2,2,5,5,4,4,6,6,4,3,2,2,4,5,2,5,5,6,2,4,6,6
839,15,"vrouw",,3,4,4,2,3,3,2,3,4,5,4,4,6,2,3,2,3,5,5,2,6,1,5,6,2
840,38,"vrouw",2,2,6,6,6,6,6,6,6,2,5,4,3,5,6,5,3,3,2,4,3,6,1,5,5,1
841,13,"vrouw",,5,6,6,6,3,5,6,1,6,6,6,6,6,3,6,6,6,5,6,6,6,4,6,6,1
842,34,"vrouw",5,1,6,4,4,5,3,6,3,2,2,2,2,5,5,5,3,4,2,1,2,4,2,5,6,2
843,14,"man",,3,4,4,2,4,5,4,4,4,2,6,5,4,3,3,3,4,1,1,1,4,3,3,4,1
844,20,"vrouw",1,1,4,2,5,2,1,2,1,2,4,6,6,1,2,1,2,3,4,5,5,3,2,1,5,3
845,27,"vrouw",4,3,5,4,6,4,5,6,5,1,2,1,4,5,5,6,6,6,5,1,2,6,2,5,6,1
846,42,"vrouw",2,2,6,5,2,5,5,2,4,1,3,1,1,5,6,5,3,2,1,2,1,4,3,3,4,2
847,18,"vrouw",1,2,3,4,2,5,5,6,5,1,6,3,5,1,5,4,1,5,1,1,1,5,1,6,6,2
848,20,"vrouw",3,4,5,5,5,3,4,4,4,3,5,3,4,4,3,,4,5,4,3,4,3,5,4,6,2
849,56,"vrouw",5,1,6,6,3,5,6,4,6,1,3,3,2,,5,6,3,2,2,5,1,6,1,5,6,1
850,37,"man",,2,4,5,4,4,5,5,2,1,1,5,4,5,3,4,2,4,4,3,3,5,1,4,6,2
851,15,"vrouw",,1,,5,2,4,5,6,4,,2,4,4,5,2,5,2,2,3,5,5,5,6,4,3,4
852,20,"vrouw",1,2,6,5,4,6,4,3,4,4,6,4,5,5,5,3,4,5,5,6,6,6,4,4,6,2
853,19,"vrouw",3,4,5,4,6,4,4,5,5,3,6,1,1,4,6,4,3,4,3,1,4,3,3,4,2,3
854,20,"man",3,1,6,5,4,5,5,4,5,3,5,4,3,4,5,4,2,4,2,2,5,4,4,6,6,3
855,19,"vrouw",3,1,3,5,6,6,3,5,4,2,5,2,2,4,6,3,2,3,2,2,4,5,4,4,5,3
856,20,"man",3,3,5,5,6,6,5,5,6,3,4,2,1,6,5,6,1,2,2,1,1,6,2,6,6,1
857,43,"vrouw",1,5,6,6,5,4,4,3,6,4,3,2,1,6,6,4,3,2,3,4,2,4,5,4,4,3
858,43,"vrouw",5,1,6,6,6,5,5,5,6,1,1,2,2,4,4,5,1,2,1,2,1,6,1,5,6,1
859,18,"vrouw",,2,4,5,4,5,3,4,4,5,6,5,3,3,5,2,4,4,4,5,3,4,4,3,5,4
860,24,"man",4,2,3,3,5,3,2,3,3,3,5,2,5,5,4,2,5,5,5,5,4,5,2,5,6,1
861,20,"vrouw",3,2,5,5,2,5,4,4,3,4,5,3,2,2,4,3,1,2,4,4,2,5,3,6,6,2
862,23,"vrouw",2,1,5,6,6,6,5,4,5,2,4,1,2,5,6,4,2,3,2,5,2,6,1,6,6,1
863,25,"vrouw",3,2,4,5,5,4,6,6,5,1,3,2,1,2,6,5,4,3,2,2,2,6,1,5,5,5
864,25,"vrouw",4,1,4,4,5,4,3,4,3,5,4,1,2,5,5,4,5,3,4,4,4,6,4,4,4,5
865,37,"man",5,2,5,5,4,4,5,5,5,1,3,1,2,5,6,5,2,4,2,2,2,6,1,6,6,1
866,51,"man",5,1,4,4,5,3,2,5,5,2,6,2,2,1,2,5,5,5,5,5,1,2,2,5,5,2
867,36,"vrouw",3,2,4,6,6,6,6,6,3,1,1,5,4,3,5,4,2,2,4,5,2,6,2,5,6,1
868,21,"man",3,3,4,5,4,4,,4,4,3,5,2,4,4,5,4,3,3,3,2,3,4,5,3,4,4
869,56,"man",5,2,5,5,5,4,5,5,5,2,4,2,4,4,4,5,2,2,2,1,3,6,1,5,6,1
870,19,"man",3,2,5,6,6,6,5,5,4,4,2,2,2,6,5,5,6,6,6,4,2,5,2,4,6,3
871,41,"vrouw",5,1,6,6,6,5,5,4,5,2,2,2,2,4,3,6,2,4,5,5,4,5,2,4,5,2
872,20,"man",3,2,3,4,4,4,3,3,4,6,4,2,2,5,6,4,5,3,2,2,2,5,3,3,5,3
873,22,"man",3,1,5,1,2,5,5,5,5,2,2,1,1,6,6,5,1,1,3,4,1,6,2,4,3,1
874,38,"vrouw",3,2,5,5,6,4,2,2,2,2,6,2,5,2,5,1,4,5,5,5,5,2,4,2,2,3
875,52,"man",5,4,4,1,1,1,5,5,6,2,2,3,6,5,1,2,1,2,2,6,2,6,1,5,6,1
876,37,"vrouw",3,2,5,4,5,2,6,5,5,2,2,5,5,3,4,3,6,6,6,6,5,3,5,3,5,3
877,27,"vrouw",2,2,4,5,3,5,4,4,4,4,4,4,4,4,4,3,2,4,5,6,3,3,4,4,5,2
878,19,"vrouw",3,1,4,4,6,6,6,6,6,1,1,1,4,5,6,6,3,3,1,2,6,6,6,5,6,4
879,45,"vrouw",2,1,6,6,6,6,1,5,5,1,2,2,2,5,5,2,4,4,5,5,5,2,6,2,4,5
880,28,"vrouw",1,2,2,4,1,4,3,2,1,5,6,2,4,4,3,2,3,4,5,4,2,3,1,2,4,2
881,31,"vrouw",3,1,5,5,6,6,5,6,5,1,1,2,1,6,6,6,1,1,1,1,1,6,1,6,2,1
882,31,"vrouw",5,2,5,6,6,6,5,5,4,1,4,4,1,4,6,6,5,5,4,4,1,4,5,2,5,6
883,28,"vrouw",1,2,5,6,6,5,6,5,6,2,2,1,4,6,6,5,4,4,3,6,4,6,2,5,6,4
884,21,"man",3,2,2,4,4,5,5,3,2,6,6,6,6,1,2,1,4,4,4,3,4,2,5,2,6,4
885,19,"vrouw",2,4,4,4,4,4,4,5,5,4,5,6,6,3,2,3,4,5,2,4,3,5,2,2,5,5
886,27,"vrouw",3,1,5,5,6,5,4,5,6,1,1,4,4,4,4,4,1,3,3,1,2,3,1,5,5,3
887,21,"man",3,2,6,4,1,4,6,4,5,1,1,3,3,6,5,3,2,2,5,6,1,6,6,6,6,1
888,23,"man",3,3,4,4,2,5,5,5,4,3,4,3,2,5,5,5,3,3,2,3,1,6,1,6,6,2
889,29,"vrouw",4,1,6,6,4,6,6,5,6,3,6,3,1,5,6,5,2,4,4,4,3,5,6,4,6,4
890,24,"man",3,5,5,5,6,4,5,5,5,2,5,5,5,4,5,5,2,4,4,2,2,5,5,5,4,4
891,16,"vrouw",,2,5,4,4,4,4,4,3,4,6,4,3,2,4,4,2,4,3,2,2,4,4,4,6,4
892,22,"man",3,3,4,6,1,4,5,5,4,3,5,1,1,5,6,5,4,6,2,4,1,6,4,4,5,2
893,41,"vrouw",4,1,5,6,4,6,3,5,5,5,5,2,4,3,5,4,6,6,5,6,6,3,5,5,6,3
894,26,"man",3,1,4,6,5,6,5,4,4,3,1,5,6,5,4,3,1,1,2,2,1,5,1,5,6,2
895,50,"vrouw",3,2,6,5,6,2,5,5,5,2,1,4,1,3,5,5,3,5,3,4,5,3,5,3,4,5
896,29,"vrouw",5,2,4,4,4,6,6,5,5,5,6,1,5,5,4,4,1,1,3,4,4,3,1,4,6,3
897,20,"man",3,2,6,5,3,4,3,4,2,2,2,2,5,1,6,2,3,3,3,2,1,6,6,4,6,2
898,55,"vrouw",5,4,4,4,2,5,4,3,4,3,4,2,2,4,5,6,4,4,4,3,2,6,2,5,3,2
899,22,"vrouw",3,2,5,4,5,5,4,4,4,4,4,2,3,4,5,2,5,5,5,4,3,4,4,4,4,3
900,35,"vrouw",3,4,5,4,4,5,6,6,5,1,1,1,3,1,2,4,3,4,4,5,4,5,1,5,4,1
901,20,"vrouw",3,1,5,6,4,5,4,3,5,5,4,6,4,5,4,3,3,2,2,1,4,4,5,3,5,5
902,49,"man",2,4,4,4,6,3,5,5,3,3,4,5,5,3,3,4,4,5,3,4,2,5,2,4,5,2
903,39,"vrouw",5,3,5,5,6,5,5,4,4,2,2,1,2,2,5,5,2,2,2,2,2,4,3,4,5,2
904,23,"vrouw",3,3,4,6,6,,5,4,5,2,4,1,4,5,4,4,1,1,1,2,3,6,1,6,6,3
905,25,"vrouw",3,2,5,6,5,5,4,5,3,2,6,3,4,5,5,4,3,5,4,4,3,5,4,5,5,2
906,25,"man",5,1,6,6,5,6,6,4,2,1,6,6,6,2,4,5,1,6,1,6,1,6,1,6,6,1
907,36,"vrouw",,2,5,4,2,4,5,5,5,1,5,2,2,2,4,5,5,4,2,5,1,2,2,5,4,2
908,38,"man",4,2,6,3,4,5,3,2,3,2,4,2,3,3,6,5,4,2,1,2,1,5,1,6,5,2
909,17,"man",1,2,6,5,5,5,5,3,4,2,5,2,2,1,4,6,2,5,5,4,1,5,5,6,6,1
910,17,"man",,2,6,4,5,4,3,4,3,5,6,2,6,3,4,3,6,6,5,5,5,5,1,5,6,3
911,19,"vrouw",3,5,5,2,3,3,4,3,4,3,5,4,1,5,4,5,6,6,6,4,3,5,1,6,2,3
912,56,"vrouw",4,1,6,6,6,6,5,2,4,2,3,2,2,5,6,4,3,2,1,1,2,5,2,5,5,3
913,28,"vrouw",4,1,6,6,5,4,4,4,4,5,5,2,4,4,4,4,4,5,4,4,4,5,3,6,5,4
914,17,"vrouw",3,2,5,5,5,3,3,2,2,4,4,2,4,4,5,5,2,2,2,4,3,5,2,4,5,3
915,26,"vrouw",3,1,5,6,6,5,6,6,4,1,1,4,2,5,5,6,4,5,4,4,3,6,4,5,4,6
916,46,"vrouw",3,5,5,5,6,2,5,4,3,3,1,1,2,5,5,4,5,4,5,2,4,6,5,5,5,1
917,21,"vrouw",3,1,5,4,6,3,5,5,5,2,4,3,4,2,4,4,2,2,2,1,2,4,4,4,2,4
918,46,"vrouw",3,6,6,6,6,6,6,6,6,1,3,5,2,5,5,6,6,6,6,3,1,2,4,5,6,2
919,19,"vrouw",3,2,4,4,1,2,6,6,6,1,4,6,6,1,1,4,6,6,6,6,6,3,5,1,6,5
920,25,"vrouw",3,1,5,6,6,5,5,4,4,,1,4,4,5,3,4,4,4,5,1,1,6,1,5,6,2
921,22,"man",5,1,5,6,5,4,3,4,2,3,4,5,5,4,2,3,1,2,2,5,3,5,2,4,5,2
922,17,"vrouw",,2,5,5,5,5,4,4,4,3,4,2,2,4,5,5,2,3,3,3,2,4,4,4,3,3
923,27,"vrouw",3,2,5,6,6,5,5,3,2,4,4,1,2,4,5,2,5,5,3,3,2,3,2,5,6,3
924,20,"vrouw",4,1,5,6,6,6,6,6,5,2,4,1,3,6,5,6,4,4,4,3,6,6,1,6,6,1
925,21,"man",5,3,5,5,4,6,6,6,5,1,1,5,4,6,4,6,4,4,4,4,2,6,1,6,2,1
926,21,"vrouw",3,4,6,6,6,6,6,6,6,4,1,5,5,5,5,5,4,4,2,4,4,5,4,4,6,4
927,55,"vrouw",4,1,6,6,6,6,2,5,5,1,2,1,1,5,6,5,2,3,1,1,2,5,4,6,4,1
928,24,"vrouw",3,1,5,5,6,5,2,3,4,4,5,3,4,3,3,4,3,3,2,4,4,3,4,4,6,4
929,25,"man",4,2,3,5,6,5,5,5,5,2,5,5,2,4,3,2,2,1,4,1,1,4,1,6,2,2
930,39,"man",5,4,4,3,5,5,6,5,6,1,2,3,2,2,5,5,3,3,4,2,2,4,3,3,6,4
931,39,"vrouw",3,3,6,6,6,5,3,2,5,4,4,1,3,5,5,6,5,6,6,3,2,6,1,5,5,3
932,21,"vrouw",3,3,5,6,4,5,4,3,4,2,4,2,2,5,4,6,4,5,5,2,2,4,1,5,6,3
933,37,"vrouw",5,1,4,4,4,4,2,3,4,2,2,5,4,4,4,3,2,2,3,5,2,5,3,3,5,2
934,22,"man",2,4,2,2,1,5,3,4,2,4,4,5,4,3,4,1,1,3,1,3,1,5,2,5,5,1
935,24,"vrouw",4,1,6,6,4,5,5,2,4,2,3,2,3,5,5,5,1,1,1,1,1,5,2,6,6,2
936,21,"vrouw",3,4,6,5,6,4,5,5,5,4,4,1,3,4,5,6,4,5,5,4,4,5,4,5,5,3
937,20,"man",3,3,5,5,4,5,6,6,6,1,,2,4,6,5,6,5,2,2,1,1,5,1,6,1,1
938,19,"man",3,2,4,4,6,6,6,6,1,1,6,1,6,6,5,6,6,6,6,6,2,6,1,6,6,3
939,21,"man",3,2,5,4,5,5,5,3,3,2,3,3,3,3,5,5,1,1,2,2,2,4,2,4,5,3
940,30,"man",5,2,5,5,4,5,3,5,4,2,5,2,3,4,5,5,4,4,2,3,1,5,1,5,5,2
941,18,"vrouw",1,1,5,5,5,5,5,4,3,3,4,3,4,4,5,4,4,5,4,4,3,5,2,4,5,2
942,53,"vrouw",4,6,5,5,4,5,5,2,5,3,5,5,5,4,2,6,6,6,6,6,2,5,3,4,6,1
943,27,"man",3,2,4,5,1,4,3,1,5,1,4,5,4,1,,3,2,6,6,5,6,3,4,1,4,3
944,48,"vrouw",4,4,4,4,3,3,6,4,4,2,4,4,4,3,2,4,3,5,5,4,4,4,2,4,5,3
945,30,"vrouw",4,1,6,5,5,5,6,5,5,1,5,4,4,5,5,4,1,4,4,4,2,6,4,3,5,5
946,25,"vrouw",3,2,4,6,6,5,4,3,3,2,3,5,3,3,4,4,4,4,4,3,2,3,4,3,3,4
947,35,"vrouw",4,2,5,5,4,4,2,2,2,4,5,4,4,4,5,5,1,2,2,5,4,6,5,5,6,1
948,17,"vrouw",,1,6,6,1,6,1,1,1,6,6,1,6,6,1,4,6,6,2,6,6,6,1,6,3,1
949,41,"vrouw",3,1,6,6,4,1,1,6,5,4,2,6,1,3,5,1,5,5,5,6,4,6,1,6,6,6
950,41,"vrouw",3,3,5,6,6,5,5,4,5,1,1,1,1,3,6,4,1,1,1,1,2,5,1,4,4,2
951,37,"vrouw",3,1,6,6,6,6,6,6,6,1,1,4,1,6,6,6,1,1,1,1,1,6,1,6,1,1
952,60,"vrouw",3,2,5,5,4,5,5,4,5,2,3,5,2,4,5,6,4,2,4,3,2,4,2,4,4,4
953,23,"vrouw",3,3,6,6,6,5,5,5,3,2,4,1,2,5,5,5,4,4,4,3,2,4,2,5,6,1
954,19,"vrouw",2,1,5,3,4,5,5,4,4,1,2,5,4,2,5,2,1,2,2,1,2,6,1,6,5,2
955,19,"man",2,3,5,2,2,4,5,3,6,1,5,3,5,1,4,2,1,3,6,6,6,6,4,3,6,1
956,24,"man",1,1,5,5,6,5,5,5,1,5,6,1,2,5,6,5,2,2,2,4,1,5,1,5,6,1
957,21,"vrouw",3,2,4,3,6,4,4,5,5,1,2,6,5,4,4,4,3,3,4,3,5,5,4,3,5,4
958,29,"vrouw",3,2,6,4,5,4,5,5,5,1,1,2,2,4,3,6,1,2,1,2,1,5,2,6,4,2
959,25,"vrouw",4,4,6,6,6,5,4,3,2,2,3,2,3,5,6,4,4,4,3,3,4,2,3,4,3,3
960,25,"vrouw",4,4,6,6,6,5,4,3,3,2,3,2,3,5,6,4,2,2,2,2,2,3,3,4,3,3
961,18,"vrouw",3,5,5,5,6,4,6,6,4,1,1,2,2,4,5,5,1,2,2,2,5,4,2,5,2,3
962,37,"vrouw",5,1,6,4,6,4,4,3,4,3,6,2,3,4,5,4,6,6,6,6,5,4,3,3,5,3
963,21,"vrouw",3,1,5,6,6,4,4,5,5,1,1,6,4,4,5,4,1,3,4,2,4,4,4,3,4,3
964,34,"vrouw",1,1,5,6,5,5,5,5,4,2,3,1,2,4,5,4,3,4,2,3,5,6,2,4,6,5
965,38,"vrouw",2,1,6,6,5,6,6,4,5,2,4,1,1,4,6,5,1,2,3,1,2,3,4,5,4,2
966,30,"man",4,2,3,4,5,3,3,3,3,2,6,5,3,6,4,4,6,6,5,4,1,3,2,4,6,4
967,16,"man",1,3,5,4,4,5,5,4,4,4,6,4,4,4,4,5,2,2,6,6,5,6,1,5,6,3
968,23,"vrouw",3,5,5,5,6,5,6,6,6,1,3,5,4,4,5,6,5,5,4,2,6,6,3,4,6,5
969,22,"vrouw",3,1,,6,6,6,3,5,5,1,2,1,1,5,5,,2,2,1,1,2,6,1,5,6,1
970,37,"man",3,2,5,4,6,3,4,5,6,2,1,1,2,4,6,5,2,2,1,1,1,6,1,6,6,1
971,30,"man",4,2,5,4,5,5,6,5,4,1,2,5,3,2,4,3,3,2,2,2,2,2,3,4,3,4
972,21,"vrouw",3,3,5,5,2,6,6,6,6,1,1,2,1,6,6,5,5,4,5,1,2,5,2,5,3,1
973,32,"vrouw",3,1,4,4,6,3,3,5,4,4,4,6,5,1,1,4,6,6,6,4,2,4,2,4,4,3
974,14,"vrouw",,4,2,1,2,2,5,6,5,2,4,6,6,1,2,5,2,2,1,2,1,2,5,2,5,1
975,55,"vrouw",4,1,5,5,2,5,2,5,2,1,5,5,2,2,2,5,2,2,2,4,4,5,2,4,5,1
976,22,"vrouw",5,1,6,6,6,6,1,6,5,2,5,2,1,6,3,6,1,4,1,5,1,6,1,5,3,1
977,21,"man",3,1,5,6,5,6,4,2,5,3,5,1,2,5,5,4,1,4,1,1,3,5,1,4,5,2
978,28,"vrouw",4,4,4,2,5,3,4,5,5,5,,6,5,1,1,2,5,4,4,6,3,2,3,1,4,3
979,41,"vrouw",5,1,6,5,2,5,6,4,5,1,5,3,4,3,5,4,1,1,1,4,1,5,4,2,6,2
980,17,"man",,3,3,4,5,5,5,5,3,3,6,4,5,3,5,3,1,3,2,2,2,6,3,5,4,3
981,52,"vrouw",5,1,5,5,5,2,3,5,4,2,3,5,2,2,4,6,2,3,4,3,2,5,2,5,5,3
982,18,"vrouw",1,5,6,6,4,6,5,5,4,2,5,2,1,6,5,5,5,5,5,4,1,6,2,6,6,1
983,55,"vrouw",5,5,3,5,4,4,5,4,3,1,1,3,5,3,3,5,3,3,1,3,2,3,3,2,4,3
984,43,"vrouw",4,1,5,5,5,4,5,5,5,1,1,1,1,5,6,5,1,1,1,1,1,6,1,5,4,4
985,22,"man",3,4,5,1,5,1,4,6,6,6,4,6,4,2,1,6,5,5,4,6,3,6,4,5,6,5
986,25,"vrouw",4,2,6,6,3,5,6,3,5,1,1,3,2,3,5,5,3,4,4,3,4,5,1,5,5,2
987,27,"vrouw",3,5,5,2,5,1,5,5,5,2,3,4,4,5,4,5,2,3,3,2,5,5,1,5,6,2
988,48,"vrouw",2,1,6,6,6,6,6,6,6,1,1,1,1,6,6,6,1,2,4,3,2,6,1,6,4,1
989,31,"vrouw",5,3,4,5,1,4,5,5,6,2,4,5,5,3,3,5,5,5,4,2,2,6,1,5,6,2
990,24,"vrouw",3,4,5,5,5,6,5,5,6,2,4,1,1,5,5,5,3,4,4,1,3,4,4,4,5,2
991,21,"man",3,3,4,3,2,4,5,5,5,2,5,,3,5,5,5,2,3,2,5,6,6,5,5,6,3
992,24,"man",3,1,6,6,5,6,6,6,1,2,5,1,1,6,6,6,1,1,2,4,6,6,1,5,6,3
993,21,"vrouw",3,2,5,5,5,5,6,5,6,1,2,1,4,4,4,6,1,4,4,5,6,6,2,4,5,2
994,27,"vrouw",3,2,5,4,6,5,4,5,1,2,6,2,1,6,6,5,5,6,5,3,4,6,1,5,6,2
995,18,"man",1,5,2,1,1,1,2,5,2,3,5,4,6,1,2,1,1,1,1,1,1,6,2,5,6,6
996,24,"man",3,3,5,5,6,4,5,6,5,2,2,5,2,2,4,5,4,4,2,2,2,5,5,5,4,2
997,32,"man",5,4,5,3,5,4,4,2,4,3,4,4,3,2,,5,2,4,2,2,3,3,4,4,3,3
998,19,"vrouw",1,2,4,5,4,2,4,3,3,2,4,3,5,2,2,3,5,5,6,4,4,5,2,3,5,1
999,52,"vrouw",5,1,6,6,5,5,6,6,6,1,1,4,5,5,1,5,3,5,1,1,1,6,2,5,5,5
1000,18,"man",1,1,6,6,5,5,3,3,4,4,4,4,4,4,4,4,3,4,4,5,2,5,1,5,6,2
1001,30,"man",3,5,6,5,6,5,6,5,6,1,3,2,4,2,5,5,1,2,1,2,1,5,2,5,5,2
1002,18,"man",1,4,4,4,4,5,6,3,2,5,5,5,4,4,4,4,3,3,4,5,3,6,2,5,6,2
1003,22,"vrouw",4,4,4,1,1,2,4,3,5,2,1,1,1,4,2,5,4,5,2,4,2,5,1,6,4,1
1004,46,"man",4,2,4,2,5,4,5,5,6,1,5,5,5,2,2,6,2,2,1,1,1,6,1,5,6,1
1005,16,"man",,5,5,5,2,6,5,4,5,5,5,4,5,1,2,4,2,4,1,1,1,5,1,4,3,2
1006,28,"man",4,3,5,5,3,5,5,3,4,1,6,6,2,4,2,4,5,5,5,4,2,5,4,6,6,1
1007,19,"vrouw",3,3,4,6,6,4,6,2,4,1,2,2,3,5,5,6,4,5,4,2,4,6,6,6,5,3
1008,38,"man",4,2,5,5,2,6,4,3,,2,4,2,2,3,6,6,1,4,1,2,1,5,2,6,4,1
1009,24,"vrouw",4,5,4,1,2,2,5,5,4,2,4,2,4,3,4,4,2,3,2,2,2,4,3,6,5,3
1010,22,"vrouw",4,3,4,2,5,4,5,5,4,4,4,3,3,2,4,5,2,5,4,2,6,5,4,5,6,1
1011,16,"vrouw",1,6,1,5,4,2,3,4,3,2,3,1,3,5,2,4,5,6,6,2,4,4,5,3,2,4
1012,24,"vrouw",4,1,6,5,3,5,4,2,2,2,2,2,2,4,5,5,1,1,1,1,1,5,2,5,5,2
1013,23,"man",3,4,5,4,2,4,4,2,5,5,6,3,5,4,3,3,3,5,4,3,1,5,1,4,4,3
1014,23,"man",4,1,5,4,5,2,2,5,2,5,2,4,4,4,4,4,1,1,3,2,4,6,1,6,6,1
1015,22,"vrouw",5,1,6,5,4,5,5,6,5,4,4,6,1,3,6,5,5,4,6,5,5,6,4,5,6,2
1016,24,"man",5,3,5,2,4,2,5,4,6,2,2,5,4,4,5,5,3,3,2,3,1,4,2,4,6,2
1017,26,"vrouw",3,1,6,5,6,5,5,5,5,2,2,3,3,4,5,5,1,2,2,2,3,5,2,5,5,2
1018,35,"man",1,3,3,4,4,3,3,3,4,2,4,2,2,3,3,2,2,2,2,4,2,3,3,2,5,2
1019,43,"vrouw",3,1,6,5,5,6,5,5,5,1,5,3,1,3,5,6,1,2,2,2,2,2,1,3,6,1
1020,17,"vrouw",,1,6,6,6,6,4,3,1,4,2,2,2,5,6,6,1,2,2,1,1,6,3,3,3,4
1021,37,"vrouw",5,2,5,5,6,6,6,5,5,1,1,2,1,6,5,5,1,1,1,2,2,6,1,6,6,1
1022,21,"vrouw",3,1,6,6,6,6,6,5,5,1,2,1,2,4,6,6,1,1,1,1,3,5,3,5,5,2
1023,21,"vrouw",3,4,4,6,4,6,4,3,4,4,3,1,1,4,6,6,3,4,4,1,2,5,6,4,4,4
1024,25,"vrouw",5,2,5,5,5,3,4,4,4,2,3,4,4,2,3,3,1,2,2,2,2,4,5,2,6,2
1025,27,"man",3,4,4,5,6,5,4,5,5,2,2,2,1,4,5,5,3,2,2,2,4,4,4,4,2,4
1026,22,"man",4,2,3,5,4,4,5,5,4,2,5,4,4,4,2,4,2,3,2,3,4,5,1,5,4,1
1027,19,"vrouw",3,1,6,6,4,4,6,5,5,2,2,5,3,4,4,5,6,5,5,4,2,5,3,4,6,3
1028,40,"vrouw",3,1,,6,6,6,5,5,6,1,1,1,1,6,6,6,4,4,3,1,1,6,3,6,4,1
1029,21,"man",1,1,5,3,1,4,2,5,5,4,6,4,5,3,1,4,1,1,3,2,1,5,1,4,6,1
1030,17,"man",1,2,5,5,2,3,5,4,4,4,4,4,5,2,2,4,3,4,5,5,6,5,3,5,6,2
1031,21,"man",,3,5,5,4,5,4,2,2,6,6,1,2,5,6,4,2,2,4,4,4,6,2,6,6,2
1032,17,"man",,5,1,2,6,2,2,4,2,4,5,4,5,4,1,5,6,6,6,5,4,6,1,3,3,3
1033,19,"vrouw",2,2,6,6,6,6,5,5,5,1,1,2,2,5,6,6,5,5,5,2,1,5,2,6,5,1
1034,22,"vrouw",3,1,5,3,6,6,4,3,1,5,5,4,2,2,5,2,3,3,2,5,6,5,2,5,6,1
1035,18,"vrouw",3,1,5,2,6,4,4,4,3,4,5,3,2,5,5,2,1,2,4,3,2,6,2,5,6,2
1036,62,"man",2,2,,6,6,6,4,1,5,3,6,1,1,4,6,6,1,4,4,6,6,6,4,6,1,1
1037,22,"vrouw",4,2,3,4,2,4,1,4,2,3,6,5,5,4,4,2,4,6,5,2,2,4,5,3,6,4
1038,31,"vrouw",3,1,6,5,6,6,6,6,5,3,2,3,3,6,5,6,6,6,6,3,6,6,1,6,6,1
1039,22,"man",1,2,3,5,5,4,5,6,5,1,6,6,6,1,1,1,1,1,5,5,1,6,3,2,6,4
1040,23,"man",4,2,4,4,4,5,5,4,4,2,5,4,2,4,5,3,2,3,4,3,1,4,2,4,5,3
1041,22,"vrouw",3,2,6,6,6,5,5,5,5,5,5,2,4,3,4,4,1,2,5,5,5,5,1,5,5,2
1042,31,"vrouw",,4,1,2,4,5,5,6,4,2,6,5,4,6,2,4,2,5,5,6,5,6,3,5,6,1
1043,50,"man",2,1,,5,6,6,5,3,6,1,4,1,1,6,5,6,1,2,1,1,1,6,1,5,6,1
1044,20,"man",1,5,5,6,1,5,5,4,5,5,6,6,5,3,3,4,2,3,3,3,3,5,3,1,6,4
1045,28,"vrouw",3,1,6,5,6,6,4,5,5,4,5,5,4,4,4,5,3,3,5,6,3,5,1,6,6,1
1046,35,"man",4,2,5,6,5,5,5,5,6,1,1,3,1,5,5,6,1,1,1,1,1,6,1,6,4,1
1047,20,"vrouw",3,3,5,5,5,3,5,5,6,2,4,3,5,2,2,5,3,5,4,3,2,4,2,4,5,2
1048,36,"vrouw",4,2,4,5,5,5,6,5,4,2,4,3,1,6,5,6,2,2,1,2,3,6,2,6,5,1
1049,27,"vrouw",,5,5,6,6,5,6,6,6,5,4,6,5,6,6,5,6,6,5,4,6,5,6,5,6,5
1050,28,"man",4,3,4,5,5,3,6,6,2,5,5,5,6,2,1,5,1,1,1,5,2,5,2,5,6,1
1051,40,"vrouw",2,2,4,4,6,3,4,5,2,3,6,4,4,3,3,2,2,2,2,5,3,2,5,4,3,5
1052,20,"vrouw",3,4,2,2,4,3,6,5,5,3,3,3,4,2,1,4,2,2,4,3,2,2,4,4,4,4
1053,23,"man",3,2,5,5,2,4,5,3,5,5,5,6,6,1,1,2,2,3,2,4,2,4,2,2,6,3
1054,18,"vrouw",3,2,4,3,1,5,6,5,5,1,4,2,6,5,5,5,2,4,6,5,1,6,1,5,6,1
1055,27,"vrouw",5,1,6,5,6,4,5,5,4,4,3,,3,3,3,4,1,2,2,1,4,5,4,5,6,1
1056,22,"vrouw",3,3,5,4,4,5,4,4,3,2,6,1,2,2,5,5,2,2,4,2,1,6,2,4,5,1
1057,32,"man",2,2,2,2,5,4,5,2,3,3,4,3,2,3,3,4,4,4,3,4,2,6,1,5,5,1
1058,25,"man",3,2,4,4,3,4,4,4,4,3,4,3,3,3,4,4,4,4,4,4,3,5,3,4,5,1
1059,28,"vrouw",5,2,4,3,6,4,4,2,4,4,4,4,5,4,2,4,2,3,4,4,3,6,2,4,5,3
1060,40,"vrouw",2,3,6,6,3,6,6,6,5,1,5,1,1,6,6,6,4,6,4,1,1,6,1,6,6,1
1061,28,"vrouw",3,2,5,5,6,5,4,5,5,1,2,2,1,4,6,5,1,1,2,2,2,5,3,5,6,1
1062,33,"vrouw",2,2,5,5,5,3,4,2,6,2,5,1,4,3,5,6,3,4,3,2,4,4,3,5,5,2
1063,39,"vrouw",4,1,6,5,5,5,5,5,5,1,1,2,2,5,2,6,3,5,3,2,4,6,5,1,3,5
1064,20,"man",3,2,5,6,6,5,4,5,4,4,4,5,3,5,5,5,1,2,1,2,1,5,3,5,5,3
1065,46,"vrouw",,4,6,2,6,6,4,4,5,3,5,1,4,4,4,2,3,5,4,5,5,6,6,1,4,5
1066,28,"vrouw",5,1,6,6,4,5,5,3,5,2,2,2,3,3,5,3,2,5,3,2,4,5,2,2,6,2
1067,21,"vrouw",3,4,5,5,6,4,6,6,6,1,1,4,1,6,6,6,2,4,5,5,4,6,1,5,6,1
1068,36,"man",3,3,4,5,6,6,3,6,6,1,1,3,1,5,6,6,1,1,1,1,1,5,1,6,6,1
1069,50,"vrouw",5,1,4,6,6,3,6,5,6,2,2,4,5,2,3,5,2,3,2,4,1,3,2,6,5,1
1070,40,"vrouw",3,1,6,6,6,,6,2,6,1,2,6,6,5,6,6,1,2,6,1,4,6,1,2,6,5
1071,46,"vrouw",3,1,6,6,6,6,2,5,4,1,6,1,1,1,6,3,3,2,1,5,1,6,6,6,5,4
1072,11,"vrouw",3,1,6,6,6,6,5,6,5,1,1,1,1,5,6,2,1,2,4,4,1,6,5,6,6,1
1073,38,"vrouw",3,1,6,6,6,6,6,4,5,1,2,1,1,6,6,6,1,1,1,1,1,6,1,6,6,2
1074,22,"vrouw",3,4,5,3,6,3,3,2,4,,4,4,4,4,5,2,1,1,2,2,1,6,4,5,5,2
1075,15,"vrouw",,5,3,4,4,4,4,1,3,3,4,6,6,1,1,1,2,4,3,4,3,6,1,3,5,2
1076,19,"man",2,6,5,4,6,6,6,6,5,3,1,4,4,5,6,6,3,1,2,1,2,5,5,4,3,3
1077,29,"vrouw",5,1,5,4,5,4,2,3,3,1,6,3,3,2,2,5,3,2,3,5,3,3,3,4,6,2
1078,25,"vrouw",3,2,6,4,6,5,4,5,5,2,2,4,2,6,6,3,2,2,5,4,3,5,4,3,6,3
1079,25,"man",3,3,6,5,3,5,3,3,5,5,4,5,6,2,4,4,6,6,4,5,6,4,4,3,5,4
1080,25,"man",3,2,5,4,3,4,4,4,4,3,3,5,5,3,4,4,5,5,5,4,5,3,3,4,5,2
1081,21,"vrouw",3,1,5,5,2,3,3,4,3,3,4,4,4,5,3,6,6,6,5,6,6,5,1,6,6,1
1082,19,"vrouw",3,3,4,1,6,4,2,1,6,2,6,6,6,1,1,3,2,4,1,6,1,6,1,1,6,1
1083,40,"vrouw",3,1,6,5,6,5,5,1,4,3,4,3,2,1,4,1,1,2,2,4,4,4,5,3,2,2
1084,19,"man",3,2,5,6,5,6,5,5,6,,2,2,2,6,6,5,1,1,1,1,1,6,1,4,6,2
1085,38,"vrouw",4,1,6,6,6,6,6,5,5,1,1,3,2,5,5,6,2,2,1,1,1,6,1,5,6,4
1086,43,"vrouw",4,2,5,5,6,6,4,4,4,5,3,1,5,4,6,3,2,3,4,3,6,3,4,4,5,4
1087,36,"vrouw",4,4,5,4,1,4,4,5,6,2,2,1,1,4,6,6,2,4,5,1,1,5,6,4,6,2
1088,86,"vrouw",2,1,3,4,4,4,4,1,5,3,2,6,2,1,5,3,1,1,1,1,4,5,5,4,6,2
1089,24,"vrouw",4,2,6,5,3,4,2,3,6,5,5,1,3,4,6,5,3,4,5,1,4,4,3,4,6,3
1090,17,"vrouw",1,4,3,2,1,4,6,6,6,1,2,3,4,2,4,3,2,5,4,4,2,6,2,6,6,1
1091,33,"vrouw",4,1,4,5,6,5,5,5,4,1,2,2,4,4,6,6,2,4,2,2,2,5,1,4,5,3
1092,26,"vrouw",5,5,4,1,4,2,6,5,6,1,4,6,6,1,1,5,2,4,1,5,1,6,1,4,6,1
1093,18,"vrouw",1,1,1,1,1,5,6,6,6,1,2,2,4,5,5,6,1,2,6,4,6,6,2,6,6,5
1094,50,"vrouw",4,2,5,5,4,5,4,2,2,5,5,2,2,5,4,5,4,4,4,3,2,5,2,6,6,1
1095,20,"man",3,4,4,2,2,3,5,3,5,3,5,4,4,2,4,,2,4,5,5,1,6,1,6,6,1
1096,59,"vrouw",4,1,6,4,6,5,5,1,2,5,5,2,2,4,6,5,1,1,2,4,5,2,1,5,5,2
1097,19,"vrouw",3,1,4,2,1,5,2,1,1,4,4,3,4,4,5,3,2,2,3,4,3,6,1,3,6,2
1098,20,"vrouw",3,2,5,3,5,5,5,5,5,3,3,2,2,4,5,5,2,2,2,2,2,5,3,4,2,2
1099,19,"man",3,3,4,4,3,4,5,5,3,4,5,4,3,3,3,4,3,4,2,1,2,6,4,5,5,3
1100,19,"vrouw",3,1,,6,5,6,3,5,4,2,2,1,1,6,6,5,2,2,2,1,4,5,2,6,6,1
1101,20,"man",2,4,5,5,5,5,5,5,4,5,6,2,4,5,6,5,4,4,4,5,6,6,4,5,6,2
1102,24,"vrouw",5,3,4,4,6,4,4,6,4,2,4,3,3,3,4,4,4,5,4,3,4,5,2,4,3,3
1103,18,"man",3,3,5,5,5,5,5,5,4,2,4,6,4,4,5,4,2,3,1,1,2,5,1,5,4,3
1104,15,"vrouw",,2,5,6,6,5,4,4,4,2,2,4,3,5,5,2,2,3,3,2,3,5,2,6,6,5
1105,44,"vrouw",2,4,5,5,3,5,5,4,4,3,2,1,1,5,6,5,2,2,4,4,2,5,2,4,5,2
1106,32,"vrouw",3,2,6,6,6,6,5,5,4,1,4,1,1,5,6,5,4,4,4,4,4,6,2,5,6,2
1107,27,"man",5,1,5,5,6,4,5,5,5,3,3,6,4,5,4,5,3,3,2,1,2,6,4,5,5,2
1108,20,"vrouw",2,1,5,4,5,4,4,4,3,3,4,2,2,3,5,3,5,5,5,3,5,4,5,3,4,3
1109,54,"vrouw",2,2,5,4,5,4,2,2,3,5,6,2,2,4,5,6,3,4,3,3,2,5,4,5,5,1
1110,25,"vrouw",5,2,6,5,5,6,3,1,3,5,6,1,1,6,6,4,4,4,6,4,4,5,4,6,6,1
1111,43,"vrouw",2,3,6,6,6,6,6,6,6,1,1,3,1,3,6,6,1,1,1,1,1,6,1,6,1,6
1112,20,"man",2,6,4,1,5,1,2,2,1,2,6,5,6,1,1,1,5,4,2,5,2,6,2,2,6,2
1113,20,"man",3,3,4,4,4,4,4,3,3,4,4,3,3,4,4,3,3,4,5,5,2,4,4,3,6,2
1114,28,"vrouw",3,1,5,6,5,6,5,4,4,2,4,2,5,3,2,5,6,6,6,5,6,6,1,5,5,1
1115,38,"man",4,3,2,4,3,4,3,4,5,4,5,4,3,2,4,4,5,5,4,5,3,4,1,4,4,4
1116,23,"vrouw",4,3,2,1,2,4,5,5,4,2,4,3,4,5,3,4,2,3,2,3,1,4,2,5,5,3
1117,26,"vrouw",3,3,3,4,5,2,5,4,5,2,4,5,2,4,5,4,2,5,4,2,1,5,2,5,6,4
1118,31,"man",4,2,5,5,4,5,5,4,2,4,4,2,2,5,5,4,2,4,4,4,2,6,2,5,5,2
1119,53,"vrouw",2,2,5,4,5,5,3,4,2,4,4,2,3,4,3,4,2,3,5,4,4,4,4,5,6,2
1120,45,"vrouw",5,2,5,5,5,5,5,5,5,4,4,2,3,5,5,5,2,3,2,3,5,6,5,6,6,3
1121,20,"vrouw",4,2,6,5,6,4,4,4,4,3,4,2,3,5,4,5,3,4,4,4,4,5,1,5,5,2
1122,52,"vrouw",5,2,6,5,6,5,4,5,5,2,1,1,1,4,5,3,2,4,2,4,2,5,2,6,6,2
1123,19,"man",1,3,3,1,3,2,2,2,4,3,4,6,6,1,1,1,5,3,4,6,2,5,1,1,5,3
1124,31,"vrouw",1,2,4,6,4,5,4,5,4,4,4,1,2,6,3,5,2,4,1,1,1,5,2,6,6,2
1125,18,"vrouw",3,3,4,2,4,4,6,6,4,2,4,4,3,3,5,5,2,2,2,2,6,3,4,4,4,3
1126,23,"vrouw",3,3,4,3,5,4,3,3,3,3,5,3,3,3,4,3,1,2,1,3,2,3,2,4,4,4
1127,18,"vrouw",3,1,5,6,5,5,5,6,5,1,3,2,4,4,5,5,1,3,1,1,5,4,4,5,4,4
1128,29,"vrouw",4,1,5,6,5,5,2,1,4,4,6,2,4,5,5,6,1,1,1,3,2,6,2,4,5,2
1129,46,"man",5,2,5,6,5,6,6,6,6,1,4,4,4,5,5,5,5,4,5,5,5,5,3,5,6,1
1130,58,"man",5,5,4,4,4,5,4,4,5,2,5,2,4,4,5,5,4,4,4,4,2,5,3,5,5,2
1131,38,"vrouw",5,1,4,6,6,6,4,4,5,2,2,2,4,3,6,5,1,2,2,2,2,6,1,6,5,1
1132,27,"vrouw",5,2,3,1,1,1,4,2,2,4,6,1,6,1,1,2,5,5,2,6,3,2,5,2,5,3
1133,41,"vrouw",5,1,6,6,6,4,6,5,6,1,4,1,2,6,4,5,6,5,6,6,4,5,1,5,6,1
1134,58,"vrouw",1,1,6,5,5,5,5,2,3,4,4,4,4,4,5,5,1,2,1,4,4,5,4,4,5,2
1135,34,"man",4,2,5,6,6,6,6,6,6,2,1,2,1,5,6,6,2,2,2,2,2,5,2,4,1,2
1136,20,"vrouw",3,,5,4,6,4,4,5,5,2,2,5,6,2,1,1,6,6,6,6,3,1,1,1,6,2
1137,33,"vrouw",5,2,4,3,6,6,6,4,2,2,4,2,1,6,5,6,1,2,1,1,1,6,1,6,5,1
1138,19,"man",3,4,2,4,4,4,3,4,5,1,1,5,2,4,5,5,4,2,2,2,3,6,2,3,5,4
1139,18,"vrouw",3,2,5,4,4,5,5,4,4,3,5,3,4,4,3,6,4,4,4,3,4,5,3,3,5,2
1140,20,"vrouw",3,6,5,6,5,6,1,1,1,6,6,6,1,6,3,1,6,6,6,6,6,6,1,6,2,2
1141,27,"vrouw",3,2,5,5,6,4,4,3,3,3,5,2,2,6,5,5,5,5,5,4,2,6,1,5,6,2
1142,20,"vrouw",3,2,5,5,6,6,5,5,5,1,2,2,2,4,6,6,2,2,3,3,1,5,1,5,4,3
1143,31,"vrouw",3,4,,5,6,6,4,4,5,2,3,1,1,6,5,6,1,3,3,2,2,6,3,6,5,3
1144,32,"man",5,4,2,2,2,4,1,1,2,6,6,2,6,2,2,2,5,5,2,5,6,6,2,6,6,2
1145,32,"vrouw",5,2,5,5,6,5,2,4,5,5,2,5,5,4,3,2,1,2,2,5,5,4,1,2,5,1
1146,45,"man",2,2,5,5,4,6,5,5,6,1,4,4,2,5,5,3,1,1,2,4,4,6,2,5,5,2
1147,17,"vrouw",,2,5,3,2,3,2,3,5,5,5,4,5,2,3,4,5,5,4,4,4,5,4,3,6,3
1148,35,"man",1,2,5,6,3,5,5,3,2,4,4,1,2,5,5,5,4,4,2,3,2,6,3,4,5,2
1149,26,"vrouw",5,1,6,6,6,5,5,4,5,2,2,5,4,4,5,5,2,3,5,4,1,6,3,5,6,2
1150,28,"vrouw",3,1,6,6,6,6,4,4,4,2,5,5,2,6,5,6,2,2,2,2,6,3,3,4,6,1
1151,26,"vrouw",3,2,6,6,6,6,1,5,5,1,1,1,1,5,6,6,3,2,3,1,3,6,3,4,5,4
1152,26,"vrouw",3,2,5,5,6,4,3,2,4,5,4,2,3,4,5,4,2,2,2,5,3,6,3,4,2,2
1153,12,"vrouw",,2,5,3,2,2,4,2,5,5,5,6,6,4,1,2,5,5,4,6,5,4,5,2,5,4
1154,21,"vrouw",2,2,5,5,5,5,,5,5,1,1,4,5,5,5,5,2,3,1,2,2,6,1,6,6,1
1155,30,"man",5,4,5,3,5,4,3,4,5,3,3,5,5,2,4,4,5,4,4,3,4,5,2,4,6,2
1156,43,"man",2,2,6,5,5,4,5,4,5,1,2,3,2,4,5,4,1,2,1,2,1,4,3,4,5,2
1157,38,"man",2,2,5,3,5,2,2,4,2,5,5,1,4,4,4,6,5,5,5,6,6,6,6,5,6,4
1158,19,"vrouw",3,2,6,6,4,2,6,5,5,1,3,5,4,6,5,5,1,1,1,1,1,5,2,6,6,2
1159,22,"vrouw",2,2,5,4,6,4,2,3,2,5,4,4,5,2,3,2,4,5,5,5,4,5,5,4,6,2
1160,34,"vrouw",4,1,6,6,1,1,6,6,6,1,6,1,6,5,2,6,6,6,6,6,3,6,3,6,6,1
1161,20,"man",3,1,5,3,4,4,3,2,4,4,5,6,,2,4,2,3,4,4,6,4,5,3,4,5,2
1162,26,"man",3,5,5,5,4,6,4,5,4,2,1,1,2,5,6,4,1,3,1,2,1,6,1,6,4,4
1163,45,"man",5,1,6,5,4,6,3,6,6,1,1,3,1,4,5,6,4,1,1,2,4,6,1,6,5,1
1164,31,"man",1,3,6,3,5,3,4,,2,4,4,4,5,3,2,2,5,5,4,5,4,5,2,2,5,4
1165,40,"man",5,2,6,6,5,5,5,3,5,4,4,1,1,5,5,5,4,4,2,3,2,5,3,6,6,2
1166,61,"man",2,2,5,2,4,2,6,1,6,1,2,5,1,2,1,5,5,5,2,4,4,6,1,4,6,1
1167,49,"vrouw",3,2,6,6,5,5,5,5,5,1,4,1,2,3,6,2,1,1,2,2,2,4,3,6,6,1
1168,38,"man",4,5,5,3,6,6,6,6,5,2,6,4,3,5,5,6,3,4,4,4,3,6,3,6,6,2
1169,16,"vrouw",,3,3,4,2,2,5,5,4,2,2,5,5,4,2,3,3,4,4,4,4,5,2,3,4,5
1170,27,"vrouw",3,3,6,4,6,5,4,6,,1,1,2,2,4,4,5,2,4,1,2,4,5,1,4,4,3
1171,38,"vrouw",4,1,6,6,6,6,5,5,6,2,3,2,1,5,6,6,2,2,4,3,2,5,3,5,4,3
1172,28,"vrouw",1,2,6,6,6,6,5,4,5,2,2,4,1,5,5,4,1,2,2,1,1,6,1,5,5,3
1173,20,"man",3,2,4,4,5,4,5,6,5,1,1,1,1,6,6,6,1,2,1,1,2,6,4,5,4,1
1174,29,"vrouw",5,2,4,4,4,3,5,5,4,2,6,5,5,3,3,3,3,3,4,5,5,3,2,3,5,3
1175,19,"vrouw",1,4,5,5,6,4,4,5,4,3,6,3,6,3,3,4,6,6,6,6,6,6,1,3,6,1
1176,19,"man",2,2,5,6,4,6,4,3,4,3,1,2,4,5,5,5,1,1,1,1,2,6,4,5,6,1
1177,18,"man",3,2,4,5,4,6,5,5,6,2,2,3,4,4,5,4,1,3,4,4,4,5,4,4,5,2
1178,18,"vrouw",3,5,4,3,2,3,4,6,6,5,4,1,1,4,6,6,4,6,2,1,4,4,6,4,5,4
1179,34,"vrouw",4,2,4,5,6,4,4,5,5,5,2,2,2,5,5,2,3,3,2,2,2,4,2,4,3,4
1180,45,"vrouw",4,1,6,6,6,6,6,5,4,1,5,2,1,4,6,4,1,3,3,1,1,5,2,6,6,1
1181,17,"vrouw",,4,6,5,5,3,5,5,5,2,3,1,2,2,3,6,1,4,1,3,2,5,2,5,5,1
1182,18,"man",3,3,3,3,4,4,3,4,4,3,4,4,2,4,3,3,1,2,2,4,3,4,4,4,4,3
1183,37,"vrouw",3,5,5,2,4,4,5,6,4,2,3,2,2,2,5,3,4,4,5,4,6,3,5,3,5,2
1184,24,"vrouw",3,4,4,4,1,5,6,5,3,3,1,3,3,4,6,5,3,1,2,1,1,5,4,4,3,2
1185,29,"man",3,5,5,4,5,5,5,5,5,3,4,4,3,3,6,6,2,4,1,2,2,4,5,4,5,4
1186,60,"vrouw",5,1,5,5,5,5,5,4,5,2,3,1,1,5,6,3,4,4,2,4,2,5,3,5,5,1
1187,25,"vrouw",3,1,6,6,6,6,6,6,6,1,1,1,4,6,4,3,6,6,6,6,6,6,1,6,6,1
1188,32,"vrouw",2,3,5,2,1,5,6,2,4,1,1,2,2,4,2,6,1,1,2,1,1,6,1,5,6,1
1189,21,"man",1,3,6,4,6,4,1,6,6,1,1,2,4,2,5,4,1,1,1,1,1,4,4,4,5,4
1190,26,"man",2,1,6,6,5,6,4,5,4,5,5,3,2,6,5,4,3,4,3,6,4,6,1,6,6,6
1191,43,"vrouw",5,2,5,5,4,6,4,6,5,2,4,6,4,4,5,5,2,2,2,4,4,5,4,4,4,4
1192,25,"vrouw",4,1,5,5,6,5,3,4,5,4,4,2,4,5,5,4,4,5,4,4,2,4,6,4,6,3
1193,25,"man",4,2,5,5,3,5,3,4,5,4,5,3,4,4,4,4,5,6,5,4,5,5,3,5,5,2
1194,20,"vrouw",3,2,4,5,2,5,5,3,5,2,3,2,2,4,6,4,1,2,1,3,2,4,2,5,5,3
1195,19,"man",3,2,6,6,5,6,6,5,5,1,1,1,1,,6,6,1,4,1,1,1,6,2,6,6,2
1196,28,"vrouw",5,1,5,6,4,5,4,3,4,3,3,1,3,5,5,4,2,3,3,2,2,6,2,5,6,2
1197,23,"man",3,5,4,3,3,4,6,3,6,1,2,4,1,4,3,6,2,3,2,5,1,6,1,6,6,2
1198,23,"vrouw",4,2,4,6,5,5,5,4,5,3,4,2,2,5,5,6,3,2,4,2,1,6,2,3,5,4
1199,17,"vrouw",1,1,5,6,6,4,4,4,3,2,5,3,3,5,4,4,5,5,6,5,5,5,2,5,6,2
1200,19,"vrouw",3,2,6,5,4,5,6,5,6,1,3,2,3,6,6,6,4,3,2,2,3,5,3,4,5,4
1201,20,"vrouw",1,4,6,1,6,6,1,1,6,6,6,4,6,4,1,1,4,3,6,5,6,1,6,2,6,2
1202,60,"man",5,2,5,5,5,5,4,4,5,4,3,4,4,4,5,5,3,2,2,2,2,5,2,4,5,4
1203,40,"man",4,2,6,5,5,4,4,5,4,5,5,5,5,3,2,1,5,5,6,6,2,4,2,2,6,3
1204,19,"vrouw",3,3,5,4,4,4,5,5,5,1,2,1,2,3,5,4,2,2,1,1,2,5,3,3,5,3
1205,18,"vrouw",3,2,4,5,5,4,4,4,4,3,5,1,2,4,4,3,3,4,4,2,6,4,5,4,1,1
1206,21,"vrouw",1,6,6,5,5,4,5,5,4,1,2,5,6,1,4,1,1,4,1,1,1,5,1,5,1,5
1207,49,"vrouw",3,1,5,5,6,5,4,4,4,4,4,4,4,4,5,4,2,2,2,3,3,3,2,4,5,1
1208,24,"vrouw",1,2,6,4,2,4,4,6,5,2,1,2,5,3,2,5,5,6,4,5,5,3,2,5,5,2
1209,20,"man",3,3,5,5,4,5,6,5,5,2,2,4,1,4,6,5,2,2,2,2,2,4,2,1,4,4
1210,20,"vrouw",3,2,5,5,5,5,5,4,2,2,4,3,4,5,6,3,3,4,2,2,2,5,3,3,4,2
1211,28,"vrouw",5,3,5,5,2,4,5,5,4,3,6,2,4,3,5,3,4,5,4,3,4,4,1,4,5,2
1212,24,"vrouw",3,4,4,5,6,,4,5,3,2,2,4,2,5,5,5,3,4,6,4,3,4,2,4,5,4
1213,28,"man",3,3,2,3,5,4,5,5,5,2,2,4,5,2,1,2,1,1,2,5,5,3,2,3,5,2
1214,29,"man",4,2,4,4,3,5,3,3,3,5,5,4,4,2,1,2,1,4,4,3,2,4,3,1,4,3
1215,22,"man",3,3,4,4,4,5,5,3,4,3,3,2,2,3,6,4,2,3,2,3,2,4,3,4,5,3
1216,26,"man",2,5,5,5,5,5,3,2,4,4,6,2,2,2,5,4,5,6,5,6,1,5,2,4,6,4
1217,20,"man",2,2,2,2,3,2,4,2,4,4,6,6,6,1,1,3,2,5,5,6,2,5,2,5,6,1
1218,15,"vrouw",,2,5,4,6,4,5,5,5,2,5,4,6,4,6,6,4,6,2,6,3,6,1,5,1,5
1219,18,"man",3,2,2,4,1,3,1,1,1,6,6,3,4,5,3,2,5,5,6,6,4,6,5,4,6,6
1220,38,"man",5,2,5,4,5,4,5,3,4,4,6,3,4,4,3,2,2,2,5,4,2,6,3,5,6,2
1221,19,"vrouw",3,1,6,6,6,5,5,4,4,2,2,2,1,5,6,5,2,2,2,4,2,4,2,4,4,3
1222,23,"vrouw",3,1,6,6,6,1,3,6,6,1,1,6,6,2,1,6,2,5,4,6,1,6,5,1,6,5
1223,32,"man",4,3,4,5,2,5,5,2,5,2,1,3,2,4,4,5,2,2,1,1,1,5,2,6,5,1
1224,36,"vrouw",3,1,1,6,6,5,6,5,5,1,2,2,4,5,5,5,2,2,1,1,1,5,2,5,5,1
1225,19,"man",3,2,6,6,3,6,,5,2,3,6,4,5,6,4,5,4,5,4,5,2,6,3,5,5,2
1226,37,"man",4,4,3,1,6,3,3,4,2,2,2,6,5,3,1,6,1,2,4,2,1,6,1,6,5,1
1227,23,"man",3,2,1,1,2,4,2,2,4,3,5,6,6,1,1,2,4,4,3,4,4,2,5,1,4,4
1228,22,"vrouw",3,1,6,6,6,6,4,3,4,2,4,1,5,4,3,5,1,2,3,4,1,4,1,4,4,3
1229,33,"vrouw",4,2,4,4,5,5,6,4,4,2,3,4,3,4,5,4,2,3,4,3,3,4,2,3,4,3
1230,20,"vrouw",3,1,5,5,6,5,6,6,5,1,2,2,4,5,5,5,1,2,3,2,2,4,1,6,6,1
1231,43,"man",2,5,4,4,5,4,6,6,6,1,1,2,2,4,5,6,5,5,5,4,5,6,1,5,5,1
1232,21,"vrouw",3,1,6,5,6,5,5,4,4,2,4,5,3,4,5,5,3,3,2,2,3,5,3,5,5,2
1233,34,"vrouw",3,5,6,5,6,6,5,6,5,1,1,1,1,6,6,6,4,4,1,1,1,5,1,5,4,1
1234,25,"man",3,3,4,4,5,5,6,4,5,1,3,1,3,3,6,5,3,4,4,5,5,5,3,2,6,1
1235,30,"man",3,4,4,4,4,3,5,4,4,2,4,3,1,4,5,4,3,4,2,4,1,5,4,5,6,1
1236,57,"vrouw",4,3,5,5,5,5,5,1,5,2,4,3,3,2,4,6,2,2,4,2,1,5,3,5,6,2
1237,24,"vrouw",3,1,6,6,6,6,3,3,2,2,1,2,4,4,5,5,1,5,1,4,2,4,2,3,4,3
1238,23,"man",3,2,4,5,2,6,5,5,5,2,4,2,2,6,6,5,2,2,2,2,1,6,1,6,6,1
1239,31,"man",2,4,6,6,6,6,6,5,2,1,4,4,1,6,6,4,1,1,1,2,1,5,5,4,6,4
1240,50,"man",4,2,5,5,6,5,5,5,5,1,2,2,2,5,5,1,2,2,2,1,1,6,2,5,4,1
1241,18,"man",1,3,3,3,5,5,5,5,5,2,3,5,2,3,5,4,3,5,2,4,4,4,2,4,6,2
1242,23,"man",3,3,4,5,6,4,3,1,3,4,5,2,4,4,6,5,3,4,2,1,3,4,6,3,6,3
1243,27,"vrouw",3,2,3,3,5,5,4,2,4,2,3,4,5,4,3,2,5,4,3,2,4,4,2,4,6,3
1244,21,"man",3,2,5,5,6,5,5,5,5,1,2,4,2,5,6,5,1,1,1,1,1,6,4,4,4,2
1245,21,"vrouw",3,2,2,5,3,4,5,5,4,2,4,5,2,2,5,3,3,2,3,3,2,4,5,4,5,4
1246,14,"vrouw",,3,6,5,6,5,5,6,5,2,2,2,4,5,4,6,2,2,3,1,2,6,1,5,4,3
1247,30,"man",1,4,3,4,3,1,4,1,5,5,5,2,5,5,3,5,1,2,4,3,5,5,6,1,6,3
1248,37,"vrouw",3,4,5,4,6,5,6,6,4,1,3,2,4,4,5,6,3,2,5,3,3,5,2,5,5,3
1249,16,"vrouw",,3,4,5,4,5,3,3,2,5,5,2,4,5,6,5,3,4,4,2,2,4,6,4,2,3
1250,19,"man",3,2,6,5,3,5,2,4,4,5,6,6,6,1,3,2,6,6,6,6,6,6,5,4,6,4
1251,26,"vrouw",3,2,3,4,6,4,3,4,3,3,2,3,4,2,3,4,2,3,2,1,2,4,1,2,5,3
1252,49,"vrouw",3,1,6,5,,4,5,6,4,4,2,1,4,4,5,3,6,6,6,6,5,3,4,5,6,3
1253,25,"man",5,2,4,3,3,5,4,2,4,4,4,2,2,3,4,3,4,5,2,3,3,4,3,4,5,4
1254,22,"vrouw",2,1,2,6,4,6,2,6,1,5,6,1,2,5,6,4,6,5,5,6,5,6,1,6,6,1
1255,19,"vrouw",3,5,5,5,3,5,4,4,5,4,4,5,4,2,3,5,3,4,4,4,5,5,5,4,2,4
1256,19,"vrouw",3,2,5,5,6,4,2,5,4,3,4,3,2,5,5,5,2,4,3,2,3,5,3,5,5,1
1257,19,"vrouw",3,1,5,5,4,6,6,5,6,1,1,2,4,4,5,4,1,3,3,4,5,4,2,5,5,3
1258,16,"man",1,3,5,4,5,6,5,,,4,5,2,1,5,6,4,1,1,5,4,1,6,1,5,6,4
1259,49,"vrouw",4,1,6,,6,5,4,5,6,4,1,4,5,3,6,4,1,4,1,1,4,3,5,4,2,3
1260,54,"vrouw",4,2,4,5,6,5,5,6,4,2,4,2,5,5,5,4,3,4,5,5,4,6,5,5,6,1
1261,20,"man",3,3,4,5,4,6,3,4,4,4,4,4,4,,5,4,2,4,3,3,3,4,3,4,5,3
1262,20,"man",3,3,5,5,5,5,5,5,4,2,2,2,2,4,6,5,2,2,2,2,2,4,2,5,4,3
1263,28,"vrouw",5,5,6,6,1,6,5,6,2,5,6,1,1,6,6,6,1,5,5,5,4,6,4,6,6,1
1264,35,"vrouw",4,4,6,5,2,5,6,5,6,2,5,3,4,6,4,6,6,6,6,6,5,6,4,6,6,1
1265,67,"man",5,2,4,4,3,4,3,2,3,4,6,6,5,4,2,4,4,4,4,4,2,5,4,4,4,2
1266,26,"vrouw",3,1,6,6,6,4,6,4,6,1,1,1,1,4,5,6,2,3,3,2,2,5,1,4,6,5
1267,23,"man",3,2,1,3,4,6,6,5,5,1,1,1,1,6,6,6,2,6,1,1,1,6,1,6,6,1
1268,43,"man",1,1,6,5,6,4,5,2,4,1,4,4,4,4,5,4,1,1,1,4,5,4,4,4,5,2
1269,20,"vrouw",3,3,6,6,6,5,4,4,6,1,3,4,4,5,3,5,4,5,3,4,6,5,3,5,5,2
1270,31,"vrouw",3,,6,5,4,6,5,2,6,2,1,2,1,4,6,6,5,5,1,4,3,6,1,3,1,2
1271,56,"vrouw",5,1,5,5,5,5,5,4,5,4,4,1,1,4,6,,3,4,4,4,1,5,2,6,6,1
1272,20,"man",3,3,5,5,6,4,5,5,5,2,2,2,2,4,5,5,2,2,1,2,2,5,2,5,6,2
1273,28,"man",4,2,4,5,5,3,6,4,2,5,5,5,6,3,2,5,2,2,1,3,3,6,2,5,6,1
1274,28,"man",4,3,5,4,6,5,5,5,6,1,1,6,6,2,2,4,4,4,2,4,4,5,1,5,6,2
1275,25,"vrouw",3,2,4,2,1,2,6,6,3,3,2,5,6,2,2,3,2,4,1,2,1,6,2,3,5,1
1276,25,"vrouw",3,2,4,2,1,3,6,6,3,2,2,4,5,4,2,4,1,4,2,1,1,6,2,4,5,1
1277,35,"vrouw",4,5,5,4,3,4,4,3,4,4,6,3,4,4,5,6,6,6,5,4,4,5,2,4,4,3
1278,15,"vrouw",,1,5,5,5,4,4,4,5,3,5,6,6,2,4,3,2,5,5,5,5,5,2,4,5,2
1279,56,"man",3,3,4,3,5,5,5,5,4,4,5,4,2,4,4,3,4,4,4,3,4,3,2,5,5,3
1280,20,"vrouw",3,4,5,4,4,5,5,5,6,1,1,3,1,4,6,6,4,2,1,1,5,6,2,5,5,4
1281,39,"vrouw",3,1,6,5,6,6,6,6,6,1,1,5,4,3,5,5,5,3,2,4,4,5,2,4,5,5
1282,35,"man",2,1,6,5,6,2,6,6,6,2,4,6,6,3,1,4,5,5,6,5,5,6,4,6,6,1
1283,22,"vrouw",3,2,6,6,4,6,5,6,4,2,4,5,2,6,6,6,1,2,2,4,1,5,2,6,6,2
1284,26,"vrouw",3,5,6,5,5,4,4,6,4,2,2,2,2,4,4,4,3,3,4,4,5,4,3,3,6,4
1285,31,"vrouw",1,3,5,5,4,5,4,2,4,3,4,1,4,4,4,5,1,4,1,1,1,6,3,5,6,3
1286,50,"vrouw",4,1,6,6,6,6,6,5,5,1,2,3,1,4,5,5,1,3,5,4,4,3,4,5,6,2
1287,51,"man",,2,5,4,6,5,1,5,5,1,2,3,1,5,2,2,1,1,1,1,1,2,1,5,4,1
1288,23,"man",4,5,2,3,2,2,6,6,6,1,1,3,4,4,2,6,1,1,1,2,1,5,1,6,5,1
1289,40,"vrouw",5,1,6,5,6,5,5,5,4,4,5,2,2,2,5,5,5,5,3,4,5,5,5,4,5,5
1290,44,"vrouw",2,1,6,6,6,6,6,2,2,5,6,1,2,5,6,4,2,2,1,1,4,5,6,3,5,1
1291,43,"man",4,5,2,2,4,3,5,4,4,2,2,3,3,3,3,3,3,2,4,2,2,5,3,3,4,4
1292,20,"vrouw",3,4,5,5,1,6,4,2,3,3,2,4,4,4,6,5,1,4,1,1,1,4,2,4,5,2
1293,24,"man",3,3,5,3,5,4,6,5,4,1,1,2,2,3,5,5,3,4,3,3,3,4,3,3,5,3
1294,55,"man",4,1,6,6,6,6,6,5,6,1,2,4,4,4,6,4,1,1,1,1,1,4,3,5,6,1
1295,45,"vrouw",5,2,5,5,6,6,2,2,2,4,4,1,1,5,6,5,2,2,2,2,2,6,4,5,4,4
1296,25,"vrouw",5,1,6,5,6,6,3,4,2,3,5,1,1,6,6,6,2,2,3,3,3,5,2,5,4,2
1297,21,"vrouw",3,1,6,6,4,6,4,2,4,2,4,1,2,4,5,4,1,2,3,3,3,5,2,5,5,1
1298,38,"vrouw",2,5,5,5,6,6,6,6,6,1,1,6,4,4,4,2,1,1,1,1,2,6,2,3,5,2
1299,17,"vrouw",,6,1,1,2,1,5,5,5,3,4,6,6,1,1,3,2,2,2,1,3,4,2,2,6,2
1300,30,"man",2,1,6,6,5,6,5,5,2,1,5,2,2,5,5,5,1,1,1,4,1,5,4,5,5,1
1301,27,"vrouw",3,1,6,6,6,6,5,5,6,2,1,1,2,5,6,4,2,1,2,4,3,5,1,5,5,5
1302,48,"vrouw",3,2,5,4,5,4,2,2,3,3,5,3,4,3,3,5,5,5,4,6,5,5,5,3,6,5
1303,55,"man",,2,6,6,6,6,6,5,6,2,5,1,1,6,5,6,5,4,5,5,1,5,1,6,6,1
1304,21,"vrouw",3,1,6,6,6,5,6,5,5,2,4,2,5,4,5,5,2,5,2,3,2,4,1,6,6,2
1305,23,"man",2,2,4,5,2,4,3,4,3,5,5,2,4,3,4,4,4,4,2,5,3,2,6,5,3,4
1306,20,"vrouw",3,5,3,4,2,4,2,2,4,4,5,2,3,3,4,2,2,3,2,3,3,5,5,2,3,2
1307,23,"vrouw",3,1,6,6,5,6,4,4,6,4,2,1,5,5,5,4,3,4,5,3,6,4,6,5,6,1
1308,24,"vrouw",4,1,5,5,6,4,6,5,3,2,3,3,3,6,4,4,3,2,6,4,2,4,2,5,5,3
1309,29,"vrouw",2,1,6,6,6,4,5,4,6,1,1,6,5,5,4,6,4,4,1,1,3,4,1,4,6,6
1310,30,"vrouw",5,1,4,3,5,3,5,6,5,4,5,2,4,2,2,6,5,5,5,6,6,6,5,5,6,5
1311,33,"vrouw",3,2,5,4,6,5,5,5,4,2,4,2,5,4,6,4,4,5,5,4,5,6,2,5,6,3
1312,24,"vrouw",4,1,5,6,6,6,5,3,4,2,5,2,4,6,4,,5,6,5,5,4,4,5,6,6,3
1313,26,"vrouw",5,4,4,1,2,2,4,4,6,3,4,2,5,4,2,5,6,6,4,6,4,6,1,4,5,3
1314,41,"man",4,4,4,3,3,4,4,3,5,4,5,4,4,4,3,5,2,2,3,2,2,5,1,5,6,2
1315,19,"man",1,3,2,4,4,4,6,5,4,3,1,4,3,4,5,4,3,4,4,4,4,4,2,4,6,4
1316,20,"vrouw",1,4,1,1,1,3,3,4,1,4,5,6,6,4,1,2,6,6,5,5,5,6,2,1,6,3
1317,44,"vrouw",5,6,4,6,6,5,6,5,5,1,1,5,1,2,5,5,6,4,4,2,2,4,1,5,6,5
1318,27,"vrouw",3,1,6,6,6,5,2,3,3,1,4,3,2,4,6,3,1,3,1,2,4,5,2,5,5,1
1319,33,"vrouw",4,3,5,5,6,,5,5,5,2,2,2,2,5,6,6,2,3,2,2,6,4,5,5,4,2
1320,40,"vrouw",5,1,4,4,4,4,4,4,5,3,4,4,4,2,2,3,2,3,3,4,3,5,2,5,5,2
1321,17,"vrouw",,6,3,4,1,5,6,5,3,5,3,1,2,4,6,6,6,6,6,6,5,6,3,5,5,3
1322,20,"vrouw",3,1,5,4,3,4,6,6,5,2,5,4,5,1,4,4,2,4,4,4,5,4,2,4,6,2
1323,25,"vrouw",2,2,5,5,4,4,4,5,5,2,3,3,3,4,4,4,2,2,2,3,3,4,2,4,4,3
1324,18,"man",3,4,2,4,4,2,3,4,4,3,4,5,4,2,3,4,1,3,1,4,2,4,3,4,4,2
1325,22,"vrouw",3,1,6,5,5,6,1,5,1,2,5,1,1,5,6,4,1,1,1,2,5,6,5,5,6,6
1326,27,"man",2,2,4,4,5,3,6,4,4,2,5,3,3,2,5,3,2,3,3,2,1,6,4,4,6,2
1327,18,"vrouw",1,5,4,5,2,5,6,5,4,1,6,2,5,6,2,6,6,6,6,5,6,6,1,6,6,1
1328,24,"vrouw",4,1,6,5,2,5,3,4,2,4,5,1,1,4,6,4,4,5,3,5,4,6,2,5,6,1
1329,35,"man",5,4,5,4,6,6,6,5,4,2,3,3,2,4,6,5,2,2,2,2,2,3,2,3,4,2
1330,40,"man",5,1,5,5,6,5,4,5,4,3,4,2,3,5,5,6,3,3,3,4,1,6,2,6,5,1
1331,29,"vrouw",4,1,6,5,5,5,2,3,3,2,,5,3,5,3,5,1,1,2,4,2,5,1,4,5,2
1332,24,"vrouw",4,2,4,6,6,6,3,4,4,3,3,2,5,6,6,5,4,4,4,4,5,5,3,6,6,2
1333,14,"vrouw",,3,6,3,5,4,2,5,5,2,5,2,2,4,5,5,5,6,6,5,5,6,2,4,5,5
1334,54,"vrouw",4,3,6,3,6,1,6,6,5,1,1,1,1,1,2,6,3,4,3,4,5,5,4,1,4,5
1335,29,"vrouw",4,1,5,5,4,2,2,6,6,4,4,2,5,1,3,5,3,4,2,6,4,5,2,2,6,3
1336,26,"man",3,3,5,6,6,5,4,4,4,3,6,1,4,5,5,5,5,5,4,3,3,6,1,3,6,1
1337,26,"vrouw",3,1,6,5,4,5,5,5,4,3,4,3,2,3,5,5,2,2,2,1,2,5,2,4,5,2
1338,26,"vrouw",4,2,4,3,4,4,5,5,6,1,3,3,4,4,4,3,2,5,4,2,4,5,2,4,3,2
1339,39,"vrouw",3,2,6,6,6,6,4,6,6,1,1,2,2,4,5,5,1,4,2,3,2,5,2,4,4,2
1340,18,"vrouw",1,3,3,2,4,3,4,1,2,4,4,4,6,2,2,3,6,6,5,5,3,3,4,2,5,4
1341,28,"vrouw",2,5,6,3,6,3,5,5,6,1,1,5,2,3,5,5,2,3,3,2,2,5,4,3,5,2
1342,16,"vrouw",,3,2,4,2,2,3,2,6,2,5,5,6,3,2,1,3,4,4,5,4,2,1,2,5,3
1343,27,"man",5,1,6,5,4,5,4,4,6,2,5,4,4,4,5,4,1,4,6,2,1,4,4,3,6,4
1344,23,"man",3,1,1,1,1,1,1,1,1,1,1,1,1,1,1,1,1,1,1,1,1,1,1,1,1,1
1345,32,"vrouw",3,1,6,6,5,5,6,6,5,1,2,1,2,4,5,6,4,5,4,2,4,6,1,5,5,1
1346,56,"man",5,1,6,6,6,6,5,5,5,1,4,1,1,6,6,5,1,1,2,2,2,6,1,6,6,1
1347,19,"vrouw",3,4,6,5,5,6,6,6,4,3,4,2,2,5,5,5,3,3,5,2,5,6,2,5,6,3
1348,26,"vrouw",4,2,5,4,,5,5,3,5,3,5,6,6,2,1,5,2,2,4,4,2,5,3,4,6,3
1349,41,"vrouw",4,2,5,5,6,5,5,6,6,1,1,5,4,3,4,5,4,5,5,6,6,5,6,4,6,5
1350,67,"man",5,2,4,4,4,4,5,5,4,1,2,4,4,4,2,4,1,1,1,1,1,6,1,5,6,1
1351,36,"man",2,4,5,3,4,2,5,5,6,1,4,6,5,1,1,5,4,4,2,4,1,6,1,2,6,2
1352,32,"vrouw",5,1,5,5,5,5,4,4,6,2,4,2,1,4,6,5,5,4,4,4,3,4,2,5,6,2
1353,21,"vrouw",4,3,3,2,2,3,3,5,4,3,5,6,6,1,2,2,1,3,4,6,5,6,2,4,6,2
1354,18,"vrouw",3,2,5,3,3,2,6,5,6,2,5,6,6,4,2,1,2,3,4,4,4,3,2,2,6,4
1355,29,"vrouw",5,2,4,3,2,3,5,5,4,2,4,4,5,3,3,3,5,5,5,5,4,6,1,3,6,1
1356,26,"vrouw",3,2,4,4,5,3,3,3,5,3,4,2,3,4,4,5,5,5,5,2,3,3,5,3,4,2
1357,19,"vrouw",3,2,3,1,1,4,6,6,4,2,6,5,5,2,1,1,2,4,4,5,1,6,2,1,6,5
1358,16,"man",,1,4,5,2,2,3,2,2,4,5,4,5,3,2,2,2,3,2,4,1,3,2,5,5,2
1359,32,"man",4,4,5,3,4,4,5,4,5,2,3,2,3,4,4,5,3,2,2,4,2,5,2,5,5,2
1360,18,"vrouw",3,1,5,5,6,4,5,5,5,3,6,5,5,3,4,6,4,4,4,5,4,4,2,6,5,2
1361,19,"vrouw",3,2,4,6,6,5,5,4,4,2,1,3,2,6,5,5,1,2,1,4,2,6,4,5,2,2
1362,63,"man",5,3,2,2,6,5,5,2,6,1,1,5,1,6,6,6,1,1,1,1,1,6,1,6,6,1
1363,27,"vrouw",5,1,5,5,6,6,6,6,6,1,1,1,1,2,6,6,1,2,2,2,1,6,1,6,5,2
1364,20,"vrouw",3,5,4,4,3,1,4,5,1,5,6,6,6,1,4,1,4,4,3,5,6,2,5,3,6,3
1365,54,"vrouw",3,2,5,3,5,5,5,3,5,2,4,4,6,2,2,4,3,5,1,2,4,5,2,5,6,2
1366,25,"man",5,4,4,5,3,4,1,1,4,6,5,6,6,1,2,2,2,4,2,6,2,2,5,4,3,3
1367,46,"man",4,4,5,3,4,3,4,2,5,5,5,5,4,3,3,4,4,5,5,4,3,4,4,3,4,4
1368,38,"vrouw",5,1,3,3,5,3,5,5,6,2,1,6,5,1,2,5,2,4,3,3,2,3,4,2,3,3
1369,32,"vrouw",3,5,6,6,6,5,5,5,4,1,4,1,1,5,6,6,1,2,4,1,2,6,1,5,6,2
1370,24,"man",4,1,4,3,6,4,6,6,4,1,2,2,5,5,2,4,3,3,3,4,1,5,2,5,5,1
1371,54,"vrouw",1,2,3,4,6,5,4,4,4,2,2,5,2,3,2,4,3,2,3,2,1,4,3,5,6,2
1372,38,"man",4,4,4,2,1,3,5,4,2,3,5,4,6,2,2,3,2,3,5,3,2,6,1,4,6,1
1373,29,"vrouw",3,3,6,5,6,5,5,5,6,3,1,2,1,3,6,5,4,3,4,2,6,4,4,3,4,4
1374,24,"man",5,4,5,5,5,6,3,5,3,5,6,6,6,6,1,4,1,4,2,5,1,6,6,5,6,3
1375,23,"vrouw",5,1,5,4,6,4,3,2,2,4,5,3,2,5,5,4,4,5,4,3,3,4,2,4,6,4
1376,25,"man",1,6,2,4,6,3,4,4,5,5,5,6,6,2,3,,5,5,5,4,1,5,2,3,6,4
1377,19,"man",2,2,6,6,6,6,4,3,4,4,5,4,2,6,6,3,4,2,3,4,1,6,2,6,5,2
1378,28,"vrouw",3,2,4,2,4,4,2,5,2,2,6,2,5,1,3,2,3,6,4,4,4,2,3,1,2,5
1379,20,"vrouw",3,1,6,6,6,5,5,3,5,1,1,1,3,5,4,6,2,5,4,1,2,5,1,5,5,3
1380,29,"vrouw",3,3,6,6,4,3,1,6,6,1,1,1,1,5,3,1,1,6,2,2,3,5,4,6,4,2
1381,16,"vrouw",3,1,4,5,5,5,5,3,4,6,4,5,6,5,2,4,4,4,5,5,3,5,2,2,6,5
1382,23,"vrouw",2,3,4,4,4,4,4,5,5,5,5,4,3,3,4,4,6,6,5,5,6,4,5,5,5,4
1383,23,"vrouw",2,4,5,1,2,2,5,4,4,2,6,2,3,5,2,5,6,6,6,4,6,4,3,3,4,3
1384,19,"vrouw",3,3,5,5,4,5,3,2,2,4,6,2,2,5,6,5,4,3,2,3,2,6,2,5,5,2
1385,13,"vrouw",,2,5,4,6,3,5,3,4,3,4,2,4,2,2,6,5,5,2,4,1,6,1,6,6,1
1386,27,"vrouw",3,4,5,4,3,3,5,2,4,5,5,4,5,2,5,2,6,6,6,5,5,4,4,5,6,4
1387,21,"man",3,5,4,2,2,3,4,4,6,3,5,5,6,2,3,2,1,2,1,2,1,3,4,4,6,2
1388,16,"vrouw",1,2,6,5,4,6,5,4,5,5,5,1,2,5,5,5,2,5,2,1,2,6,4,5,1,2
1389,28,"vrouw",4,2,5,5,5,5,5,5,5,2,3,1,2,5,5,5,2,3,3,4,4,5,4,4,5,2
1390,33,"vrouw",3,1,5,4,4,4,4,3,4,2,2,3,3,3,3,4,2,4,2,2,2,3,2,5,6,2
1391,27,"vrouw",3,4,6,5,5,5,3,2,1,5,6,2,6,1,1,1,6,6,6,6,6,4,2,2,6,3
1392,52,"vrouw",3,2,5,6,6,5,3,4,2,2,2,2,2,5,5,5,2,2,1,1,2,3,3,5,2,2
1393,36,"vrouw",5,1,4,5,3,4,4,5,4,2,4,4,5,2,3,3,3,4,2,5,4,4,3,4,4,2
1394,36,"vrouw",5,1,5,5,4,5,5,6,5,2,2,4,5,2,4,3,2,3,2,5,3,4,2,4,5,2
1395,29,"vrouw",5,1,6,6,5,4,5,5,4,2,4,1,3,5,5,4,5,4,5,4,5,6,3,5,6,2
1396,20,"vrouw",3,2,4,5,6,5,6,6,5,4,1,1,1,3,6,6,2,2,4,1,1,5,1,5,5,6
1397,37,"man",4,2,4,4,1,3,5,6,5,1,3,4,4,3,4,4,5,6,1,6,1,3,1,5,6,1
1398,42,"vrouw",5,1,6,5,5,6,5,3,5,1,4,1,2,4,5,4,2,4,2,2,2,5,2,5,5,2
1399,19,"man",3,3,4,5,4,5,4,3,3,3,5,1,2,4,4,6,4,3,2,4,2,6,1,6,6,1
1400,30,"man",4,2,6,5,5,6,4,4,4,3,4,4,3,5,5,5,2,4,4,5,3,5,3,5,5,3
1401,18,"man",3,2,5,4,1,6,5,3,5,4,5,2,3,6,4,4,2,3,3,3,1,6,4,6,5,1
1402,27,"vrouw",4,2,5,5,6,3,4,5,5,1,2,5,3,2,3,5,3,4,4,3,4,5,2,3,5,3
1403,18,"man",2,4,6,6,6,5,6,6,5,1,1,3,1,4,6,6,6,6,3,1,1,5,3,6,6,1
1404,24,"man",2,4,2,1,4,1,3,2,1,2,1,6,6,2,1,5,1,1,1,1,1,5,1,6,4,1
1405,20,"vrouw",3,2,4,2,2,4,2,2,4,2,5,5,6,3,2,2,1,2,1,2,1,4,1,5,6,1
1406,14,"vrouw",,5,3,2,2,3,5,3,5,3,4,4,4,4,3,3,4,4,4,3,4,4,3,3,4,3
1407,21,"vrouw",3,5,4,4,6,4,6,6,3,2,2,2,2,4,6,4,4,4,5,1,1,4,1,2,4,4
1408,21,"vrouw",3,4,4,4,5,4,4,4,4,2,4,4,4,4,4,4,4,5,5,2,3,4,3,4,4,2
1409,66,"vrouw",5,2,6,6,6,5,5,5,5,1,3,2,2,5,6,4,1,1,1,2,1,5,1,4,4,2
1410,22,"vrouw",1,2,5,5,6,6,5,5,2,2,2,2,2,5,6,4,1,1,4,5,4,5,5,5,5,2
1411,49,"man",1,4,5,4,5,4,5,5,6,1,1,2,1,3,5,5,3,2,2,4,5,5,4,4,4,4
1412,42,"vrouw",3,4,5,,6,5,6,5,4,3,4,3,4,4,5,5,5,5,5,4,3,5,3,5,5,4
1413,19,"vrouw",4,2,1,4,2,4,6,6,5,6,3,5,5,6,4,2,4,2,6,2,2,5,1,5,6,1
1414,19,"vrouw",4,2,1,4,1,4,6,6,5,6,3,5,5,6,3,2,2,2,6,2,2,5,1,5,6,1
1415,32,"vrouw",5,1,5,6,5,6,1,1,1,6,6,6,6,6,5,2,6,5,6,6,6,6,1,6,6,1
1416,29,"vrouw",3,1,6,6,5,6,5,5,5,2,4,1,1,6,6,5,2,3,4,3,2,4,1,6,4,1
1417,31,"vrouw",4,6,6,1,6,5,2,3,4,3,1,1,2,6,1,6,3,4,3,1,2,6,1,6,6,1
1418,21,"man",2,3,6,6,5,6,5,6,1,3,6,3,2,6,6,6,3,6,1,5,1,6,1,6,6,1
1419,27,"vrouw",2,2,6,6,5,5,5,5,4,2,2,2,2,5,5,6,1,2,2,2,1,6,2,5,5,1
1420,23,"vrouw",3,4,2,5,6,1,6,2,1,4,6,1,2,4,5,4,6,6,6,1,5,5,6,3,5,4
1421,20,"vrouw",3,1,5,5,4,4,5,5,4,3,4,4,2,4,4,4,2,2,4,4,4,5,2,5,6,1
1422,57,"vrouw",2,2,6,4,1,5,5,4,3,2,4,4,5,3,4,4,2,5,3,2,3,5,5,3,2,4
1423,38,"vrouw",2,4,5,4,2,6,6,6,6,2,2,5,2,5,4,5,2,3,4,5,4,6,1,6,6,3
1424,18,"vrouw",2,1,3,5,5,5,3,3,4,4,4,5,4,6,5,3,1,4,2,5,4,5,2,6,5,1
1425,23,"man",2,2,5,4,5,4,5,5,4,5,5,3,6,4,5,4,6,6,6,6,6,4,5,5,4,4
1426,34,"vrouw",3,1,6,4,4,5,5,5,6,2,1,4,2,4,6,4,2,5,5,3,1,4,4,4,6,3
1427,67,"man",4,1,4,3,6,5,5,4,2,4,5,5,5,1,1,5,6,5,5,6,4,6,3,4,6,1
1428,30,"vrouw",3,4,6,4,5,5,5,4,2,2,6,1,1,5,6,6,4,5,6,3,5,5,4,4,5,4
1429,31,"vrouw",5,2,5,3,4,4,5,5,3,3,3,2,4,4,3,6,4,4,3,4,3,6,2,6,5,1
1430,54,"man",4,1,5,2,4,2,6,4,5,1,2,5,6,1,1,2,2,1,2,4,4,6,2,5,6,1
1431,32,"man",5,2,4,3,5,4,4,4,6,2,1,5,2,4,5,4,1,2,1,2,1,5,2,5,2,5
1432,47,"vrouw",3,2,5,6,6,5,6,5,3,1,5,3,1,5,6,,3,6,4,2,3,5,1,4,5,1
1433,20,"vrouw",3,2,4,4,4,2,6,6,5,1,2,2,1,4,5,5,2,3,5,6,2,6,4,4,6,1
1434,20,"vrouw",1,4,2,1,1,2,1,2,1,5,6,6,6,4,1,1,6,6,4,6,6,5,3,1,6,4
1435,34,"vrouw",3,2,5,6,5,6,6,5,6,1,1,2,1,4,5,6,5,5,5,2,3,6,2,5,5,1
1436,14,"vrouw",,3,5,4,4,4,5,5,4,2,5,2,4,2,5,6,5,6,4,3,3,5,1,5,6,2
1437,27,"man",3,4,5,5,5,4,4,3,5,3,2,1,1,5,5,5,1,1,3,4,1,6,1,6,5,1
1438,19,"man",3,4,4,5,2,6,5,2,4,3,6,5,6,5,2,5,6,6,5,4,4,5,3,5,6,1
1439,21,"man",3,1,4,5,6,4,4,5,5,2,6,3,3,4,4,4,2,3,1,2,1,5,3,4,5,3
1440,23,"vrouw",3,5,2,4,3,3,2,1,4,4,3,2,2,4,5,3,4,4,6,2,1,4,1,5,4,2
1441,42,"man",4,3,5,2,4,5,5,4,5,3,2,4,5,2,2,5,1,1,1,1,1,6,2,5,5,1
1442,27,"vrouw",3,1,6,5,6,4,4,3,2,4,5,1,2,5,6,5,5,5,5,4,4,4,4,5,5,2
1443,19,"man",3,2,6,5,3,5,5,2,3,6,5,4,5,4,4,5,5,4,5,4,4,5,6,5,5,5
1444,21,"vrouw",3,3,5,4,6,5,5,5,3,2,4,3,3,4,6,4,6,6,4,3,3,5,2,4,6,3
1445,47,"vrouw",5,1,6,6,5,5,,5,5,3,4,5,4,5,2,3,2,4,2,2,5,4,4,5,6,3
1446,58,"vrouw",5,1,5,5,6,5,4,5,2,3,4,5,4,2,3,3,2,4,4,3,4,4,2,2,5,4
1447,20,"vrouw",3,1,5,3,4,4,6,6,6,1,6,1,6,3,1,4,6,6,6,6,6,6,3,5,6,4
1448,29,"man",3,3,4,5,6,3,6,6,5,1,2,3,1,5,5,5,2,2,2,1,1,6,2,5,2,1
1449,18,"vrouw",3,3,6,6,3,6,2,3,3,4,4,2,2,5,4,5,4,5,5,2,2,4,4,5,5,2
1450,18,"vrouw",1,4,5,2,1,4,5,2,2,3,6,2,3,4,5,5,4,5,2,4,6,5,1,5,2,2
1451,21,"vrouw",2,5,6,5,3,6,5,6,4,2,4,2,4,4,4,6,1,2,1,3,4,5,5,3,4,4
1452,36,"vrouw",5,1,6,5,6,6,6,5,5,2,5,4,2,5,6,5,4,5,4,4,6,6,3,6,6,2
1453,18,"vrouw",3,4,4,5,2,5,5,6,4,3,2,3,2,5,5,5,2,4,4,3,2,5,3,4,4,3
1454,53,"vrouw",5,1,6,6,6,6,5,5,5,1,4,2,1,5,6,5,2,4,1,1,1,5,5,6,6,2
1455,23,"man",4,4,5,6,5,6,3,2,2,3,6,6,4,4,5,4,5,4,5,5,2,4,6,1,6,6
1456,19,"vrouw",3,4,3,3,2,2,4,3,5,2,2,5,5,2,3,3,2,5,6,3,5,2,4,2,3,5
1457,22,"man",3,6,4,5,6,5,4,6,6,5,4,1,2,1,5,4,5,6,5,2,4,6,5,5,5,3
1458,19,"vrouw",2,6,,6,4,5,6,4,5,6,3,4,4,6,6,3,6,4,6,2,5,4,4,3,6,5
1459,20,"vrouw",3,1,5,5,4,6,6,6,5,2,1,4,1,5,5,5,1,1,3,3,3,6,1,6,5,2
1460,24,"vrouw",4,3,3,3,4,4,4,3,3,4,5,2,3,4,4,4,3,4,2,4,2,4,3,6,6,2
1461,23,"vrouw",2,1,6,4,3,5,4,5,4,2,5,2,2,4,5,4,2,3,4,2,2,4,1,5,4,2
1462,20,"man",3,5,5,5,5,5,5,5,5,5,5,5,5,5,5,5,5,5,5,5,5,5,5,5,5,5
1463,33,"vrouw",4,1,6,6,3,6,6,5,5,2,5,2,2,5,5,5,5,6,5,5,5,4,2,4,6,1
1464,16,"man",1,5,6,6,1,6,5,6,5,,6,1,5,5,5,5,2,3,6,6,4,6,2,5,6,2
1465,17,"man",1,1,6,6,6,6,5,5,3,5,5,5,2,4,5,6,2,2,5,2,1,5,3,5,6,2
1466,21,"vrouw",3,1,4,3,3,4,5,4,5,2,4,2,4,4,2,3,2,2,2,4,1,6,2,6,6,1
1467,31,"vrouw",5,1,6,6,1,1,5,6,6,4,6,1,6,6,1,6,6,6,6,6,6,6,6,4,6,1
1468,57,"vrouw",2,3,4,4,4,4,6,5,4,1,1,3,4,5,5,5,1,1,1,1,1,5,2,5,4,2
1469,20,"vrouw",3,1,6,6,6,6,5,6,2,5,2,5,2,5,6,6,2,5,4,4,4,5,2,6,6,2
1470,19,"vrouw",2,6,5,5,6,6,5,6,6,5,6,3,6,5,6,6,5,6,4,5,5,5,6,5,6,2
1471,19,"vrouw",2,6,5,5,6,6,5,6,6,5,1,3,6,5,6,6,5,1,4,5,5,5,1,5,6,2
1472,19,"vrouw",2,6,2,5,6,6,5,6,3,5,1,3,6,5,6,2,5,1,4,5,5,5,1,5,6,2
1473,19,"vrouw",2,6,2,5,6,6,5,6,6,1,1,3,6,5,6,2,1,1,4,2,5,5,1,5,6,2
1474,19,"vrouw",2,6,2,5,6,6,5,4,6,1,1,3,6,5,6,2,1,1,4,2,5,5,1,5,6,2
1475,19,"vrouw",2,6,2,5,6,6,5,4,6,1,1,3,6,5,6,2,1,1,4,2,3,5,1,3,6,2
1476,19,"vrouw",2,6,2,5,6,6,5,4,6,1,1,3,6,5,6,2,1,1,4,2,6,5,1,6,6,2
1477,19,"vrouw",2,6,2,5,6,6,5,4,6,1,1,3,6,5,6,2,1,1,1,2,6,5,1,6,1,2
1478,19,"vrouw",2,6,2,5,6,6,5,4,6,1,1,3,6,5,6,2,1,1,6,2,6,5,1,6,6,2
1479,19,"vrouw",2,6,2,5,6,6,5,4,6,1,1,3,1,5,6,2,1,1,6,2,6,5,1,6,6,2
1480,19,"vrouw",3,3,4,4,1,4,5,4,5,4,3,4,3,3,3,5,1,2,2,2,3,4,3,2,2,5
1481,42,"man",5,1,5,1,6,2,5,5,5,3,5,4,6,1,3,4,5,5,6,5,5,4,3,5,5,5
1482,46,"vrouw",5,2,5,5,5,2,5,6,5,4,4,1,6,5,5,6,6,6,6,6,6,4,4,6,2,6
1483,20,"vrouw",3,2,5,4,4,4,4,4,5,3,3,4,4,4,4,2,3,3,4,2,4,4,4,4,4,3
1484,20,"vrouw",4,4,5,4,4,3,4,3,3,2,4,2,4,4,2,5,5,5,5,6,2,4,2,5,5,4
1485,21,"vrouw",3,1,1,4,6,6,6,6,4,1,1,5,2,,6,5,1,2,4,1,1,4,1,4,1,3
1486,25,"man",2,3,6,5,6,6,6,5,5,1,2,3,2,5,5,6,1,2,1,1,2,6,3,4,4,2
1487,19,"vrouw",2,4,5,4,4,4,5,5,4,2,3,2,4,4,5,5,2,2,5,4,3,4,5,4,5,2
1488,20,"man",3,5,5,,5,4,5,5,5,2,5,5,4,1,4,6,2,4,2,2,2,3,4,4,4,2
1489,19,"vrouw",3,4,4,4,4,3,4,4,4,3,2,3,4,1,2,5,2,2,2,2,2,4,3,5,6,4
1490,34,"man",3,2,5,5,6,5,5,5,5,1,1,3,2,5,5,6,1,1,1,2,2,6,4,4,4,5
1491,29,"man",3,5,4,3,4,3,4,2,2,3,2,6,4,4,4,2,2,4,1,4,2,6,1,4,6,1
1492,36,"vrouw",2,4,4,4,5,5,4,4,4,2,5,2,2,5,4,5,2,1,2,2,2,3,3,3,2,2
1493,18,"man",1,4,1,5,2,5,6,5,2,2,3,6,4,5,3,3,4,5,4,5,2,6,1,6,6,2
1494,25,"man",3,3,5,3,6,4,4,3,2,2,5,2,4,3,3,2,1,1,5,4,2,4,3,2,3,3
1495,30,"vrouw",3,3,5,1,4,4,4,4,4,2,2,3,4,4,4,3,2,4,5,3,5,3,2,4,4,4
1496,32,"man",5,2,4,6,5,5,5,5,5,5,1,2,2,6,5,6,3,2,3,2,2,6,2,5,5,2
1497,32,"vrouw",3,2,4,4,6,4,5,6,1,4,6,4,4,1,4,4,6,6,5,5,3,2,5,6,6,4
1498,16,"vrouw",1,3,2,2,2,4,5,5,5,3,2,2,2,5,5,5,2,3,2,3,1,6,2,5,6,2
1499,19,"vrouw",3,5,3,1,1,3,5,2,5,3,5,3,5,4,3,4,4,5,2,3,4,3,3,3,6,3
1500,29,"man",5,1,6,4,6,4,6,6,5,2,1,1,4,5,5,5,4,4,4,4,5,6,1,6,6,3
1501,30,"vrouw",4,1,5,5,6,3,5,4,2,2,,1,4,4,5,4,3,5,3,2,2,4,1,6,6,1
1502,27,"vrouw",3,2,5,4,6,4,5,3,4,3,3,3,3,4,5,4,2,2,2,4,3,3,3,4,5,4
1503,41,"vrouw",5,2,6,5,6,5,5,5,5,5,4,3,2,2,4,5,4,3,5,6,2,6,1,6,6,1
1504,28,"vrouw",4,3,4,3,1,3,4,3,4,3,4,1,3,4,1,5,4,4,3,4,4,6,1,6,6,1
1505,26,"man",5,5,4,5,4,4,4,4,5,2,3,4,3,3,4,4,2,2,1,3,1,5,2,5,6,2
1506,35,"man",5,2,5,6,6,6,5,5,5,5,1,3,,6,4,6,2,2,1,1,3,6,4,6,6,3
1507,43,"vrouw",4,4,4,5,6,2,5,5,5,2,5,4,4,5,6,5,5,6,5,5,1,5,1,6,6,2
1508,37,"vrouw",5,2,5,6,5,5,4,4,6,2,4,3,6,3,2,5,5,6,3,4,2,4,1,5,6,2
1509,23,"man",5,1,5,5,5,,1,6,6,4,5,4,6,1,5,4,4,6,6,6,5,5,6,6,6,5
1510,20,"man",5,1,6,6,6,6,6,6,6,1,1,5,1,5,5,6,1,1,5,6,1,5,1,5,5,4
1511,24,"vrouw",2,3,6,,6,4,6,5,6,1,6,4,3,4,,6,4,3,4,5,4,6,4,4,6,2
1512,21,"man",5,2,6,5,6,5,6,6,6,1,1,5,1,5,6,6,1,1,1,6,1,5,1,5,5,1
1513,22,"vrouw",4,3,4,2,4,1,6,6,5,1,1,6,6,1,2,5,2,4,2,2,5,4,2,2,6,1
1514,20,"vrouw",3,1,5,5,5,5,4,4,4,3,6,2,3,4,4,5,1,1,5,4,3,5,2,6,6,1
1515,27,"vrouw",3,4,4,5,5,6,5,5,4,2,3,4,5,5,3,4,1,2,3,3,2,6,2,4,5,3
1516,55,"vrouw",2,1,5,4,5,4,6,5,6,2,4,5,5,2,5,5,3,3,2,2,1,4,4,4,6,2
1517,39,"vrouw",3,1,4,4,3,6,5,4,4,4,4,3,6,2,5,5,3,5,2,2,3,2,4,5,6,1
1518,31,"vrouw",5,2,4,4,2,6,3,3,5,5,5,3,1,4,5,3,4,6,6,6,2,6,3,5,6,3
1519,33,"vrouw",5,2,5,2,1,2,6,6,3,1,1,1,2,5,5,6,1,1,2,1,1,6,1,6,6,1
1520,24,"vrouw",4,2,5,4,5,5,5,5,5,1,2,3,2,5,5,5,2,2,2,2,4,5,3,5,5,1
1521,50,"man",3,2,4,4,4,5,5,4,4,2,5,4,4,3,3,5,4,3,2,3,2,5,2,4,5,2
1522,22,"man",4,3,6,5,6,5,4,4,4,2,2,1,2,5,6,5,1,1,2,1,4,5,1,5,5,5
1523,52,"vrouw",3,1,6,6,6,6,5,4,4,3,4,1,1,6,6,4,1,1,1,1,3,6,4,6,6,6
1524,32,"vrouw",5,2,4,4,5,3,4,4,2,5,5,3,3,3,5,4,4,4,4,4,4,3,3,3,5,3
1525,25,"man",5,2,4,3,3,3,4,3,4,2,5,5,4,3,2,3,1,2,1,3,1,3,2,3,5,3
1526,23,"vrouw",3,4,3,5,3,4,4,3,3,3,3,3,4,4,5,3,4,4,5,1,5,2,4,3,5,4
1527,19,"vrouw",2,3,3,4,3,5,6,4,4,5,6,2,5,4,5,4,4,4,4,4,4,4,4,5,6,4
1528,33,"vrouw",5,1,5,5,6,5,5,5,6,4,2,1,1,4,6,5,1,2,2,2,4,5,1,6,6,2
1529,46,"man",4,2,3,4,5,5,4,4,2,4,2,2,3,4,5,4,3,3,2,2,2,6,1,5,5,3
1530,51,"vrouw",5,1,5,,5,5,6,5,5,2,4,4,3,2,2,5,4,5,5,5,2,3,2,5,6,1
1531,37,"vrouw",4,1,6,2,5,2,5,4,1,4,6,5,6,1,2,1,4,5,5,6,2,2,4,5,6,2
1532,19,"vrouw",3,1,2,3,4,2,5,4,4,4,4,4,5,3,2,4,2,2,2,2,2,4,3,5,6,4
1533,44,"vrouw",4,5,4,1,4,3,6,3,4,5,5,1,2,2,5,5,1,3,1,1,3,6,1,6,6,3
1534,31,"vrouw",3,2,6,6,4,5,6,6,6,2,1,1,2,4,5,5,2,3,4,1,2,5,2,5,6,1
1535,22,"vrouw",3,5,5,5,6,6,6,6,5,2,1,2,1,6,6,6,1,2,3,3,2,6,2,6,5,3
1536,20,"man",3,6,2,6,6,6,5,5,6,6,5,4,4,6,5,4,1,2,1,2,4,6,4,4,4,4
1537,22,"man",4,2,6,6,6,6,4,3,,6,6,1,5,5,6,3,1,4,2,4,1,3,6,5,5,6
1538,19,"vrouw",3,2,4,5,6,5,5,5,5,1,2,1,2,4,6,5,1,2,2,2,3,5,3,4,5,3
1539,19,"vrouw",3,3,5,4,5,3,3,2,2,5,6,5,6,2,3,2,3,3,4,5,5,4,2,5,6,2
1540,40,"vrouw",3,1,6,6,6,5,6,5,5,2,6,1,1,2,5,5,3,4,5,2,6,5,3,2,5,2
1541,30,"vrouw",5,1,5,5,6,4,6,5,5,1,3,3,4,3,3,6,4,5,4,3,2,4,2,4,5,2
1542,53,"man",5,1,6,6,6,6,6,6,6,1,1,1,1,6,6,6,1,1,1,1,1,6,1,6,6,1
1543,20,"man",3,2,6,6,6,6,3,2,2,4,6,4,4,6,5,5,1,1,1,3,1,6,2,5,6,6
1544,56,"vrouw",4,1,6,6,5,5,5,3,5,2,2,2,2,5,6,6,1,5,1,3,1,6,2,5,5,1
1545,31,"vrouw",2,1,6,5,4,5,2,2,3,5,4,1,1,4,6,3,6,6,5,2,5,4,2,4,4,5
1546,20,"man",3,4,4,3,4,2,5,5,5,2,3,5,3,3,3,5,2,3,4,4,2,5,3,3,4,3
1547,25,"vrouw",2,3,4,3,2,2,5,5,5,2,5,6,6,2,1,5,5,5,2,6,4,6,1,5,6,1
1548,20,"vrouw",3,3,5,3,5,3,4,2,4,5,2,2,3,4,4,6,5,5,5,5,5,4,1,4,2,2
1549,31,"vrouw",3,2,5,6,5,6,5,4,3,3,4,1,1,5,6,4,2,4,2,3,2,4,4,5,5,2
1550,27,"vrouw",4,1,5,5,4,5,4,5,4,2,2,3,1,5,5,5,2,2,1,5,2,4,1,5,6,2
1551,13,"vrouw",,3,3,5,5,5,1,6,6,2,1,1,1,1,5,2,5,5,5,4,3,5,1,1,1,1
1552,31,"vrouw",3,3,5,5,4,4,4,3,4,3,3,3,2,3,5,3,2,4,3,3,3,4,4,4,5,4
1553,21,"vrouw",3,4,4,4,5,5,4,3,2,5,5,4,3,4,4,4,3,3,5,4,5,4,4,5,3,3
1554,20,"vrouw",3,1,6,6,6,6,5,4,6,2,4,5,1,6,5,6,2,3,3,4,4,5,1,5,4,1
1555,18,"vrouw",3,1,4,5,6,5,3,4,2,2,2,5,4,5,4,4,1,3,2,2,5,6,2,4,5,2
1556,18,"man",3,3,,1,4,5,3,2,3,3,3,5,3,4,2,3,2,2,1,1,3,3,1,2,2,4
1557,24,"vrouw",2,1,5,6,6,6,6,6,3,1,1,3,1,6,6,6,3,5,5,3,1,5,2,6,6,1
1558,45,"vrouw",3,1,5,6,5,4,5,5,5,1,1,4,2,4,3,5,1,1,1,1,2,4,2,2,2,4
1559,40,"man",1,3,6,6,5,6,4,4,3,4,1,3,5,4,5,6,2,5,4,1,2,6,3,5,4,1
1560,28,"man",5,1,6,6,1,6,5,4,5,4,5,3,6,5,6,5,4,6,3,5,5,4,3,5,6,2
1561,24,"man",2,4,3,4,4,1,6,4,5,5,5,6,6,4,5,5,1,3,1,4,1,6,1,6,6,1
1562,25,"man",1,4,6,6,6,2,5,6,6,1,1,4,3,6,4,6,2,1,5,5,1,6,1,6,6,1
1563,20,"vrouw",2,2,4,5,4,1,4,4,4,5,4,1,2,4,6,5,4,5,5,3,3,2,2,4,5,4
1564,15,"man",1,2,5,5,6,5,4,5,4,3,4,2,2,4,5,4,5,5,4,4,3,5,2,5,4,3
1565,19,"vrouw",3,2,5,3,4,3,5,3,2,4,4,1,2,4,5,5,2,2,2,5,4,5,3,4,2,3
1566,39,"vrouw",5,1,5,5,6,5,4,5,4,4,5,3,2,4,5,5,4,5,4,5,4,5,2,6,6,1
1567,39,"man",4,1,6,6,6,6,5,5,4,2,2,2,1,3,6,5,2,1,1,1,1,5,2,4,5,3
1568,19,"vrouw",2,3,5,4,3,4,4,5,5,4,2,2,3,,5,4,4,2,2,5,4,4,3,4,3,3
1569,19,"vrouw",2,2,5,4,5,5,5,5,2,3,2,1,3,4,6,5,4,5,5,3,3,2,3,3,4,2
1570,23,"man",3,4,3,6,6,6,5,5,5,3,4,6,1,6,6,6,5,3,5,4,2,5,6,5,6,4
1571,17,"man",1,3,3,4,5,6,5,5,2,3,3,1,1,5,6,6,2,2,1,1,1,6,3,5,4,2
1572,43,"vrouw",5,1,5,5,4,6,5,3,5,4,4,5,5,5,5,5,2,3,3,3,1,5,4,5,4,2
1573,20,"man",3,2,3,4,5,2,6,5,5,1,4,3,2,5,5,6,3,3,2,2,2,5,1,5,2,3
1574,19,"man",3,2,2,6,2,6,4,4,5,2,6,4,5,5,6,5,6,6,5,4,6,5,4,5,4,6
1575,62,"vrouw",1,1,6,6,6,6,5,5,4,5,4,2,1,5,6,5,1,2,6,5,5,6,1,6,6,1
1576,20,"vrouw",3,3,5,4,5,5,4,2,5,4,5,1,5,5,4,6,5,6,6,4,4,6,3,5,6,2
1577,22,"vrouw",4,3,5,1,3,4,5,5,3,4,5,5,6,3,4,3,5,6,5,4,4,5,1,6,6,1
1578,21,"vrouw",2,4,4,4,2,4,6,6,6,2,2,5,5,3,5,6,3,5,2,2,4,4,3,3,3,3
1579,23,"vrouw",3,2,6,6,6,6,4,5,5,1,2,2,3,5,4,5,4,5,5,3,4,5,3,5,5,1
1580,18,"vrouw",3,5,4,5,2,5,5,5,5,2,1,1,2,4,5,5,4,4,5,2,2,5,3,5,6,4
1581,18,"vrouw",3,4,4,5,1,5,4,3,3,5,5,1,1,6,6,6,3,2,3,1,3,6,1,5,5,1
1582,19,"man",3,4,6,5,6,6,4,3,4,3,4,3,6,1,4,5,4,6,6,6,4,5,6,4,6,3
1583,18,"man",3,2,5,5,4,5,4,3,3,2,2,4,4,5,5,4,3,3,2,5,2,6,6,5,2,2
1584,22,"man",5,3,4,4,4,4,4,4,5,2,3,3,4,,4,4,4,3,1,3,2,4,4,3,3,3
1585,24,"man",4,1,6,5,5,6,6,6,6,1,1,2,1,5,2,6,1,1,2,2,1,4,1,6,2,1
1586,23,"vrouw",3,2,6,6,6,1,5,5,2,2,6,5,6,5,1,6,4,5,5,6,6,4,1,5,6,1
1587,22,"vrouw",3,1,6,6,6,6,5,5,5,1,2,1,1,6,6,6,4,2,2,1,2,5,5,4,4,2
1588,18,"man",3,2,5,2,6,,1,6,1,1,5,3,5,2,5,4,1,3,1,4,1,6,3,4,6,1
1589,34,"vrouw",3,3,5,4,6,4,5,2,3,4,5,3,4,4,4,4,6,6,6,5,5,4,5,4,2,2
1590,43,"man",5,1,4,2,6,5,5,5,3,2,5,3,6,5,4,5,1,4,2,2,2,5,4,5,5,2
1591,33,"man",5,5,5,2,5,2,5,4,4,2,4,5,3,4,4,2,2,2,2,4,2,5,2,5,4,2
1592,25,"vrouw",2,3,3,5,1,5,5,5,4,1,4,2,1,5,4,5,2,5,4,4,1,5,2,5,4,1
1593,18,"man",1,5,6,5,6,4,6,5,4,1,1,3,2,,5,4,1,1,2,2,1,6,1,6,6,1
1594,25,"vrouw",,3,3,1,1,3,5,5,4,2,5,3,6,4,2,6,3,3,3,3,4,2,2,5,4,2
1595,38,"vrouw",5,2,5,5,5,4,4,4,6,1,5,4,3,1,4,5,4,5,4,5,5,4,2,5,5,2
1596,22,"vrouw",4,1,6,6,6,6,6,6,6,1,1,1,3,6,6,6,6,5,6,6,1,6,4,5,6,1
1597,39,"vrouw",3,4,5,5,5,6,5,4,4,2,2,2,2,4,6,5,1,4,2,2,1,4,2,5,2,2
1598,34,"vrouw",3,1,5,5,5,6,5,5,3,3,4,2,1,5,5,5,5,6,5,3,3,4,5,5,5,3
1599,54,"vrouw",5,1,5,6,6,6,5,6,6,2,1,4,2,6,5,5,1,1,1,2,1,5,2,6,2,3
1600,56,"man",3,2,5,5,6,5,5,5,6,2,2,2,2,2,5,5,2,1,1,2,2,5,2,2,5,2
1601,21,"vrouw",3,1,5,4,5,4,5,6,6,3,6,2,5,4,5,3,2,3,5,5,6,6,2,5,6,1
1602,30,"vrouw",5,1,5,2,5,3,3,2,4,2,5,3,2,4,4,5,3,3,5,4,5,5,3,5,6,5
1603,22,"man",4,3,6,3,4,3,5,2,4,5,2,5,5,2,3,3,5,4,4,3,6,4,5,4,5,6
1604,31,"vrouw",5,1,4,5,4,5,5,6,3,1,3,3,1,6,6,6,3,2,2,2,4,5,4,5,2,2
1605,17,"vrouw",3,2,5,5,6,2,6,5,4,4,6,2,2,2,3,2,2,1,3,2,4,3,2,2,4,3
1606,24,"vrouw",5,2,6,4,4,3,5,4,5,3,4,1,4,2,4,5,2,5,4,4,2,5,1,5,6,2
1607,23,"vrouw",5,2,5,5,5,5,5,2,2,3,2,3,4,4,5,5,3,3,4,4,4,4,3,3,4,5
1608,21,"man",1,3,5,2,2,5,2,3,5,1,2,2,2,3,2,4,2,2,5,2,2,4,2,1,2,3
1609,26,"man",3,2,2,2,5,5,6,6,5,1,4,2,3,3,2,4,4,4,2,1,3,6,2,4,1,1
1610,21,"vrouw",4,4,4,3,2,5,5,4,4,2,5,5,4,4,3,2,2,4,5,4,5,4,2,5,6,1
1611,50,"vrouw",4,,6,5,6,6,6,5,5,1,2,2,2,4,5,6,2,1,2,3,2,5,1,6,6,1
1612,35,"vrouw",2,4,6,4,6,3,5,2,3,5,4,1,1,4,4,5,4,4,4,4,5,6,2,4,5,1
1613,39,"vrouw",3,1,5,4,4,5,6,2,3,3,4,3,4,4,3,5,2,2,4,4,2,4,2,4,5,6
1614,40,"vrouw",2,2,5,4,5,5,4,3,4,4,3,3,4,1,2,5,4,4,4,4,4,4,2,4,6,3
1615,41,"vrouw",3,2,5,5,6,5,5,5,5,4,4,6,5,5,5,4,1,4,1,4,1,2,4,5,3,5
1616,14,"vrouw",,2,4,3,6,4,4,2,2,1,5,1,1,3,6,2,3,4,4,4,3,4,1,2,2,2
1617,40,"vrouw",4,1,6,6,5,5,4,2,4,3,5,5,1,5,4,4,3,4,2,2,2,6,1,4,4,2
1618,36,"man",1,1,6,6,6,6,6,6,6,1,1,1,2,4,6,5,1,3,3,1,1,6,1,6,5,1
1619,24,"man",1,5,4,4,4,3,4,2,2,4,4,2,2,5,4,4,2,2,1,3,1,5,1,6,4,2
1620,19,"man",1,4,5,4,5,5,5,5,6,4,4,4,6,4,2,3,1,1,1,1,2,6,2,5,6,2
1621,22,"vrouw",4,5,2,1,2,5,2,4,3,4,5,2,5,2,3,5,4,5,5,5,6,3,1,6,6,1
1622,38,"vrouw",4,1,6,6,6,6,6,1,6,1,1,1,1,6,6,6,1,1,1,1,1,6,1,1,6,6
1623,16,"man",,1,4,4,6,4,6,6,5,1,5,5,5,4,3,6,5,5,4,5,6,4,1,3,6,2
1624,20,"vrouw",4,3,3,4,2,4,5,4,5,3,5,6,5,3,3,4,3,4,4,4,6,3,5,4,5,4
1625,32,"vrouw",3,2,4,4,5,4,2,2,4,4,5,4,3,4,5,4,1,3,2,2,1,5,1,4,6,1
1626,23,"man",4,2,6,4,6,5,2,5,2,4,5,3,2,4,5,5,5,4,5,4,6,5,4,3,3,5
1627,20,"man",2,2,2,4,5,2,6,6,5,2,3,6,5,6,1,2,5,5,4,5,4,6,1,6,6,1
1628,28,"vrouw",4,2,5,5,2,5,3,2,4,3,4,2,2,4,5,5,3,4,3,3,2,5,3,4,5,3
1629,20,"vrouw",3,2,5,5,5,5,6,5,4,3,4,2,4,4,5,3,4,4,4,4,4,4,4,4,5,3
1630,20,"vrouw",3,1,6,5,6,5,3,4,5,5,5,3,5,4,5,5,2,4,3,3,2,5,3,4,2,3
1631,48,"vrouw",5,1,6,6,6,5,6,5,5,1,3,3,2,3,6,4,4,4,4,2,3,4,1,5,5,2
1632,28,"vrouw",4,2,5,5,2,5,3,2,5,3,4,2,2,4,5,5,2,4,1,2,2,4,2,4,5,2
1633,28,"vrouw",4,2,5,5,2,5,3,3,5,3,4,2,2,5,5,5,2,4,1,2,2,4,2,4,5,2
1634,28,"vrouw",4,2,6,5,3,5,3,3,4,2,4,2,1,5,5,5,2,4,1,2,2,5,2,4,6,2
1635,28,"vrouw",4,2,5,5,2,5,3,3,4,2,4,2,1,5,5,5,2,4,2,2,2,5,2,4,6,2
1636,29,"vrouw",3,3,4,4,5,5,5,4,2,2,5,2,4,2,4,4,4,4,4,5,3,4,4,5,4,3
1637,28,"man",4,1,4,4,4,4,5,3,4,3,2,3,1,3,5,5,2,3,4,2,3,5,2,4,4,2
1638,21,"vrouw",3,3,5,6,5,5,5,6,3,2,5,1,4,6,4,6,4,4,5,6,2,5,1,6,6,1
1639,26,"vrouw",5,5,5,2,5,3,6,6,5,1,1,3,4,3,3,5,4,5,2,4,1,3,2,4,6,2
1640,40,"man",3,1,5,5,6,6,5,2,2,2,3,2,2,5,6,5,2,3,2,2,1,5,5,5,3,5
1641,25,"vrouw",2,1,6,5,5,5,5,2,5,1,4,2,1,3,5,4,2,4,4,2,4,5,2,5,6,2
1642,23,"man",1,3,3,4,3,4,5,5,3,3,5,3,5,3,3,2,5,5,6,4,4,5,2,6,5,1
1643,19,"man",3,1,6,3,5,4,5,2,4,3,5,6,3,2,3,1,1,2,1,2,3,5,2,3,5,2
1644,53,"vrouw",5,1,6,5,4,6,5,4,4,5,6,4,4,4,3,5,2,5,1,2,4,6,6,5,4,2
1645,21,"man",4,2,5,6,6,6,6,5,4,5,5,1,2,3,6,3,4,1,6,6,2,5,1,4,2,5
1646,31,"vrouw",5,1,6,6,4,6,6,6,5,1,5,1,4,6,4,5,5,5,6,4,5,6,1,6,6,1
1647,29,"vrouw",3,1,6,6,6,5,5,4,5,1,1,4,4,4,5,4,4,4,4,4,2,5,1,4,5,2
1648,50,"vrouw",4,1,6,6,6,5,6,6,6,2,1,4,4,4,5,5,1,4,1,1,1,6,2,5,6,1
1649,54,"man",4,5,4,2,5,3,5,6,6,1,2,3,2,4,5,4,2,5,2,3,1,6,1,5,4,1
1650,18,"vrouw",,5,2,1,2,2,4,6,6,1,5,1,6,2,5,2,6,6,6,6,6,6,3,5,6,1
1651,21,"vrouw",3,5,6,6,6,6,6,6,6,1,3,4,3,5,6,5,1,5,4,4,3,5,2,5,6,1
1652,22,"man",3,1,6,4,5,6,2,3,3,4,6,2,4,4,6,2,1,1,1,1,4,3,2,5,6,2
1653,32,"vrouw",5,2,5,4,6,4,2,1,2,4,5,4,4,4,4,3,2,3,2,3,2,3,3,4,3,2
1654,46,"vrouw",3,3,5,6,6,5,3,6,6,1,1,1,1,6,5,3,1,1,2,2,1,6,1,6,2,1
1655,40,"vrouw",3,1,6,6,5,6,6,6,6,1,1,6,4,5,5,6,6,6,5,6,5,3,4,6,6,1
1656,52,"vrouw",5,1,6,6,6,6,5,5,5,1,1,3,2,5,5,4,1,1,2,2,1,5,1,5,5,1
1657,50,"vrouw",3,4,3,3,5,1,3,5,2,5,5,1,1,4,2,2,6,6,6,6,6,2,5,4,6,5
1658,19,"vrouw",3,2,5,5,5,6,4,5,5,4,4,4,2,5,5,4,4,4,5,4,4,4,3,4,5,3
1659,25,"vrouw",5,2,4,5,6,5,3,2,5,3,5,4,1,5,3,1,2,5,6,4,2,2,3,5,2,2
1660,19,"man",3,1,6,6,4,6,4,4,1,5,5,4,5,5,2,2,5,5,5,6,2,5,1,6,6,2
1661,22,"man",4,1,6,6,6,6,6,6,4,1,3,6,4,5,5,6,6,6,3,1,4,3,5,6,4,4
1662,26,"vrouw",4,4,5,4,6,5,4,3,1,4,6,3,1,,6,6,4,6,5,6,6,6,6,3,6,5
1663,29,"vrouw",5,1,5,6,4,6,2,5,5,6,5,2,1,6,5,6,4,5,3,4,4,5,5,6,2,4
1664,38,"vrouw",5,1,5,6,6,1,1,6,5,1,1,1,1,5,6,1,5,2,1,5,5,6,4,5,1,2
1665,32,"man",5,3,4,3,5,4,5,5,4,3,2,6,6,2,2,3,4,4,2,3,2,6,1,5,6,1
1666,23,"vrouw",3,3,6,6,5,5,4,3,4,4,5,2,2,5,6,6,3,5,4,4,5,6,4,4,5,3
1667,44,"man",1,6,4,1,5,4,5,4,5,5,6,6,6,4,4,5,1,1,1,1,1,6,5,1,5,5
1668,35,"vrouw",3,2,4,4,5,5,5,6,5,1,3,2,3,4,5,4,3,5,5,3,6,4,3,4,5,2
1669,21,"man",5,1,5,4,6,4,3,6,5,2,3,5,4,4,5,4,1,1,2,3,4,5,5,5,2,5
1670,29,"vrouw",5,1,5,5,6,5,5,4,4,2,5,1,5,5,6,2,1,1,1,2,6,4,2,5,5,6
1671,21,"man",4,4,3,5,6,4,4,5,5,1,3,5,3,3,5,3,1,4,3,4,2,4,4,5,3,2
1672,33,"vrouw",3,1,6,6,6,3,1,6,5,1,1,2,,6,5,5,2,2,1,1,2,5,1,5,5,1
1673,23,"vrouw",4,6,6,4,4,4,4,5,5,2,5,5,1,2,6,5,5,4,6,4,5,5,4,4,4,3
1674,57,"vrouw",2,1,5,6,5,5,4,,5,4,5,4,4,4,4,3,2,4,3,3,2,4,2,6,6,1
1675,21,"vrouw",3,2,6,5,5,3,5,5,6,2,2,5,6,4,2,4,5,5,6,5,6,5,1,5,6,2
1676,42,"vrouw",5,1,6,6,4,6,4,5,5,2,2,1,1,4,6,5,2,2,2,4,2,5,4,5,5,2
1677,30,"vrouw",4,2,5,5,1,4,4,2,5,4,6,4,4,5,1,1,2,4,2,5,4,5,1,5,5,5
1678,39,"man",2,5,4,5,6,2,6,4,3,6,4,3,4,5,5,6,5,6,6,3,3,5,2,4,6,2
1679,17,"vrouw",1,4,4,4,5,4,3,5,6,3,2,6,4,4,4,4,4,5,5,6,1,5,3,4,6,1
1680,36,"vrouw",5,2,6,6,6,5,5,5,5,2,2,1,2,5,6,5,2,2,1,1,2,5,3,5,5,2
1681,18,"vrouw",4,5,4,5,4,5,4,5,6,3,3,3,2,6,2,6,6,6,6,6,6,6,4,5,6,1
1682,20,"man",1,6,6,6,5,5,6,5,6,1,2,1,2,5,6,6,1,1,1,1,1,6,1,5,1,1
1683,21,"man",5,3,1,1,2,1,6,4,2,6,5,6,5,4,6,5,1,4,6,6,6,6,5,1,6,1
1684,20,"man",2,2,6,6,2,4,5,4,4,4,6,3,2,4,5,4,4,4,3,5,2,6,1,4,6,1
1685,35,"vrouw",4,1,5,6,5,5,5,5,5,1,1,4,4,4,2,5,3,3,5,5,1,6,1,6,6,1
1686,26,"vrouw",3,1,6,6,6,4,1,5,6,1,1,1,1,5,2,6,3,4,4,1,1,5,4,4,2,3
1687,26,"man",4,2,5,4,3,3,4,4,4,4,6,6,5,3,6,5,4,4,4,5,5,5,3,4,5,5
1688,40,"vrouw",2,1,6,6,6,6,5,3,1,6,2,4,2,6,3,6,6,6,6,6,6,6,1,6,6,1
1689,23,"man",4,4,5,5,4,5,5,5,4,3,4,5,3,5,5,6,2,2,2,3,1,5,2,5,6,2
1690,25,"man",5,3,4,3,1,3,6,4,4,4,5,2,4,2,2,5,3,4,5,3,2,4,1,5,5,3
1691,38,"vrouw",5,1,5,6,4,6,6,6,3,2,2,4,2,5,5,6,1,5,6,4,6,4,2,6,6,1
1692,27,"vrouw",5,3,5,5,3,5,5,6,3,1,2,6,4,4,5,5,4,4,5,4,4,4,1,5,5,2
1693,14,"vrouw",,1,6,5,4,4,4,5,2,3,5,1,3,3,4,5,2,3,5,6,2,5,1,5,5,2
1694,27,"vrouw",1,1,5,6,5,2,5,5,3,2,3,1,1,5,6,5,1,2,5,2,1,6,4,5,2,4
1695,32,"man",5,2,5,5,6,5,6,5,5,2,1,1,1,5,6,5,1,1,2,1,1,6,4,5,2,2
1696,39,"man",5,1,5,6,5,6,4,4,5,2,4,2,1,6,6,6,2,4,2,4,1,6,1,5,6,2
1697,31,"vrouw",3,2,5,5,4,4,5,6,4,2,2,1,2,4,4,6,6,6,2,3,5,5,2,5,5,3
1698,31,"man",5,5,5,2,2,4,4,6,5,4,5,4,4,4,6,4,6,6,5,6,4,5,4,5,5,5
1699,20,"vrouw",2,2,6,6,6,6,5,5,4,3,2,1,2,5,6,5,3,3,3,2,2,5,5,5,6,2
1700,32,"vrouw",5,1,5,4,4,5,5,4,4,1,2,1,1,4,5,5,3,3,2,3,2,4,4,4,6,3
1701,42,"vrouw",3,1,6,6,6,6,5,5,4,2,2,2,4,4,5,3,3,4,2,3,3,5,2,4,6,2
1702,26,"vrouw",3,4,4,5,4,4,5,3,3,2,3,3,4,5,3,5,2,4,4,3,4,4,2,4,4,3
1703,23,"man",3,4,4,4,4,4,5,6,2,2,4,6,4,6,6,4,1,1,2,4,3,6,1,6,6,1
1704,32,"man",3,1,6,5,5,5,5,2,5,3,5,4,4,5,4,3,4,4,5,6,4,6,4,6,6,1
1705,27,"vrouw",5,1,4,6,2,5,6,6,4,1,4,6,6,6,1,4,5,4,4,4,6,6,2,6,6,1
1706,19,"vrouw",3,1,6,5,6,5,6,5,5,2,3,5,6,2,3,4,3,4,2,5,2,4,3,4,5,2
1707,31,"vrouw",3,1,6,6,6,6,6,5,5,1,4,1,1,5,6,5,1,1,4,1,5,6,5,6,6,2
1708,25,"vrouw",5,1,6,4,2,6,4,4,6,5,1,2,2,2,4,4,3,3,1,1,5,4,6,1,5,5
1709,29,"vrouw",5,1,6,6,6,6,5,5,4,4,2,2,1,5,4,5,4,3,3,2,1,6,1,5,5,2
1710,42,"man",3,3,6,5,6,6,3,2,4,3,6,1,1,5,6,6,1,2,2,1,1,5,3,5,4,6
1711,39,"vrouw",3,5,5,5,5,3,4,5,5,1,2,1,2,4,5,6,5,4,4,2,6,4,5,5,4,2
1712,31,"vrouw",5,3,4,3,4,3,3,4,4,3,4,,5,3,1,1,3,4,3,4,5,3,4,3,4,3
1713,24,"man",5,1,6,6,4,5,5,4,5,1,1,2,1,5,6,6,1,5,1,1,2,6,4,5,5,2
1714,45,"vrouw",5,1,4,4,6,4,5,5,4,2,3,,4,2,3,4,3,3,4,4,3,3,1,3,5,1
1715,30,"man",5,1,6,6,5,6,6,5,4,1,4,2,2,6,5,6,2,2,3,2,1,6,4,6,4,2
1716,21,"vrouw",4,5,2,2,4,4,5,5,5,1,1,6,5,2,2,5,3,2,2,5,2,2,1,4,4,6
1717,14,"vrouw",,2,4,5,5,5,3,3,4,5,3,4,4,6,5,5,6,5,6,4,4,5,1,5,4,5
1718,25,"vrouw",3,2,6,5,5,5,5,6,5,2,2,1,2,4,6,6,1,2,2,2,3,6,1,5,6,4
1719,48,"vrouw",2,1,4,6,5,6,6,4,4,5,6,2,3,6,6,4,1,2,2,5,1,6,2,5,5,3
1720,40,"vrouw",3,2,6,4,3,4,1,4,1,4,6,1,6,2,2,6,6,6,6,6,5,3,6,3,5,6
1721,44,"man",4,1,4,4,4,4,5,5,3,2,4,2,4,3,4,4,4,4,4,4,5,6,4,4,6,1
1722,36,"vrouw",4,2,4,4,6,4,5,6,4,1,5,2,4,4,5,3,4,5,5,5,5,4,2,5,6,2
1723,28,"vrouw",2,5,2,2,2,4,2,2,4,6,4,4,4,4,2,2,3,5,4,6,3,6,1,5,6,4
1724,39,"man",3,1,5,5,6,5,5,5,5,1,4,2,3,4,5,4,1,1,1,1,4,5,1,4,5,2
1725,33,"man",3,2,5,5,5,6,6,5,6,1,1,2,1,6,5,5,2,2,1,1,1,5,1,6,4,1
1726,21,"vrouw",3,2,5,5,6,4,4,4,4,2,3,3,3,4,4,4,1,2,1,2,1,4,3,4,4,3
1727,19,"man",3,4,5,5,6,4,6,6,6,1,2,2,3,4,4,6,3,4,4,2,4,4,3,6,6,1
1728,45,"man",4,2,2,5,5,3,3,4,3,2,3,2,2,3,5,2,3,3,4,2,3,5,1,5,5,2
1729,49,"vrouw",4,2,5,4,4,4,3,4,5,2,2,4,5,2,4,3,2,2,2,2,3,3,2,2,6,3
1730,23,"vrouw",4,1,4,3,4,5,5,4,5,2,1,5,2,4,4,5,3,2,5,2,4,5,3,4,5,2
1731,27,"vrouw",3,4,5,5,6,5,5,5,3,2,4,1,4,4,6,6,1,3,1,1,1,6,2,6,5,1
1732,29,"man",5,2,6,5,6,6,6,5,5,2,4,4,4,6,6,6,3,4,4,4,2,5,2,5,6,4
1733,30,"vrouw",2,2,4,4,3,4,2,4,4,6,6,3,4,1,2,6,6,6,3,6,5,5,5,4,1,3
1734,25,"vrouw",3,2,5,5,4,5,5,4,4,1,3,2,3,4,5,5,3,4,3,2,2,4,2,4,6,1
1735,27,"vrouw",3,1,6,6,6,6,4,4,4,2,2,1,1,6,6,6,1,2,3,1,1,6,1,6,4,1
1736,29,"vrouw",3,1,6,5,4,6,5,5,5,2,3,4,4,3,2,3,5,4,6,5,6,6,1,5,5,1
1737,26,"man",5,1,6,5,4,5,6,2,5,1,1,1,1,5,6,6,1,1,1,1,1,6,1,6,6,1
1738,32,"man",4,2,5,6,5,6,6,5,1,4,1,1,1,5,6,5,1,1,4,1,1,6,6,4,6,5
1739,29,"man",5,5,2,3,4,2,6,6,6,1,1,5,5,2,2,5,5,6,2,2,1,5,1,5,4,2
1740,52,"vrouw",3,2,6,5,6,3,6,6,6,1,1,5,,2,6,5,2,2,1,1,2,6,1,6,4,1
1741,54,"man",5,1,6,4,6,4,6,5,5,5,5,4,5,3,2,4,5,6,5,2,4,6,1,4,6,1
1742,20,"vrouw",3,2,5,6,4,6,4,5,6,3,2,2,2,6,6,5,4,4,3,2,3,6,2,5,5,2
1743,16,"vrouw",1,1,6,6,6,6,5,5,4,3,5,3,5,5,4,5,3,4,2,4,5,6,3,5,6,3
1744,22,"vrouw",3,3,2,3,5,3,1,5,2,4,6,5,6,2,1,1,6,6,6,4,5,4,1,1,6,1
1745,35,"vrouw",2,3,6,5,6,5,5,5,6,1,1,2,3,4,4,5,4,4,4,3,2,5,4,4,5,2
1746,24,"vrouw",4,1,6,6,4,6,5,2,1,5,5,1,1,5,6,5,4,4,6,1,6,6,4,5,5,4
1747,38,"man",5,1,5,5,6,4,6,6,6,2,1,2,2,5,6,5,1,1,1,1,1,6,5,5,5,1
1748,20,"vrouw",3,1,6,6,5,6,4,3,5,3,2,2,2,4,5,4,2,3,4,3,4,3,4,4,6,1
1749,33,"vrouw",3,2,5,6,6,4,5,6,5,1,1,5,1,5,6,6,3,4,3,2,4,5,2,5,5,2
1750,26,"vrouw",3,1,6,6,6,6,6,6,3,1,1,1,1,6,6,6,6,6,6,6,3,6,6,6,6,1
1751,19,"man",3,3,6,6,5,6,4,3,4,5,1,1,1,5,6,3,2,3,1,4,3,4,4,5,5,2
1752,21,"man",3,3,5,6,6,5,4,6,3,3,2,5,3,5,5,5,1,3,4,5,1,5,1,5,5,2
1753,28,"vrouw",3,1,6,6,6,6,6,5,6,1,2,1,2,5,5,4,2,5,2,2,1,6,1,6,5,1
1754,19,"vrouw",2,2,6,2,6,5,4,5,6,2,3,,1,5,6,4,2,2,1,2,2,6,3,5,4,3
1755,36,"vrouw",3,1,6,5,5,5,5,5,2,3,5,1,2,4,6,5,1,2,1,2,2,4,1,5,5,3
1756,24,"man",4,2,5,6,6,5,4,3,4,5,5,2,5,5,4,4,3,4,4,6,3,6,1,5,5,2
1757,34,"vrouw",4,5,5,5,2,6,5,4,4,4,6,2,6,5,5,5,5,6,6,4,6,5,2,5,4,4
1758,43,"vrouw",3,2,6,6,6,5,4,4,4,1,1,1,1,4,5,4,1,2,1,1,2,4,2,4,5,2
1759,20,"vrouw",,2,6,6,6,4,3,5,3,4,4,6,5,3,,3,2,3,3,5,4,6,1,6,6,1
1760,44,"vrouw",5,1,6,4,1,4,5,3,3,4,5,3,4,4,1,4,3,4,5,6,3,5,5,5,6,4
1761,20,"man",3,1,5,6,6,4,3,3,1,5,6,5,6,5,3,3,6,6,4,6,5,5,5,2,6,3
1762,18,"vrouw",3,3,2,5,4,4,,3,4,3,1,3,2,4,5,3,3,3,3,4,4,3,2,3,2,3
1763,45,"vrouw",5,1,6,6,4,6,5,5,5,1,2,5,4,5,5,5,4,4,4,2,5,5,2,5,6,2
1764,27,"vrouw",2,4,6,5,6,5,4,4,3,2,2,2,1,5,6,6,2,3,2,2,1,6,2,6,5,5
1765,34,"vrouw",3,2,5,5,2,5,3,2,,2,3,2,3,,4,4,5,4,6,4,3,5,2,4,5,2
1766,14,"vrouw",,4,4,2,2,1,2,2,5,5,6,6,6,1,1,2,3,5,4,5,4,4,2,4,6,3
1767,30,"vrouw",3,1,5,6,5,6,4,2,5,2,2,1,3,5,5,5,1,1,2,2,2,5,2,6,5,2
1768,53,"vrouw",1,1,5,6,6,5,4,5,5,5,2,1,4,3,6,2,1,1,2,1,1,6,4,4,5,2
1769,35,"vrouw",5,3,4,2,1,1,6,6,3,1,1,6,3,6,2,6,1,5,4,2,2,6,1,5,5,1
1770,25,"vrouw",3,2,6,5,6,6,6,6,4,1,2,3,4,3,5,5,2,5,5,3,5,5,2,6,5,1
1771,21,"man",3,1,6,6,6,6,4,4,2,2,2,1,2,5,5,5,1,1,4,4,1,6,1,6,6,1
1772,15,"vrouw",,3,4,4,4,3,6,6,5,2,3,5,5,4,2,4,3,3,3,3,5,5,2,4,5,2
1773,62,"vrouw",3,1,5,5,6,5,5,5,4,3,3,2,2,5,6,5,2,2,1,1,3,5,4,5,5,3
1774,44,"vrouw",3,5,5,5,4,5,4,2,3,4,5,1,1,5,6,6,2,5,5,5,1,6,4,5,5,1
1775,49,"vrouw",3,2,4,5,6,4,5,4,5,2,2,2,2,1,5,5,3,5,5,3,5,5,4,4,5,2
1776,29,"vrouw",3,3,4,5,6,5,4,4,5,2,1,4,3,3,4,4,1,2,4,2,3,4,2,4,5,2
1777,21,"vrouw",3,2,6,6,6,5,5,4,6,2,2,2,2,5,5,5,2,3,2,2,4,4,3,4,6,3
1778,23,"vrouw",3,2,6,5,6,4,5,5,4,1,2,2,1,6,6,6,1,3,2,1,2,5,1,5,4,2
1779,37,"vrouw",5,3,4,4,5,4,4,4,3,3,4,4,4,3,3,3,2,2,3,3,3,3,2,5,4,3
1780,38,"man",3,4,4,4,6,3,6,5,6,1,5,4,1,5,5,6,6,6,5,5,4,6,4,4,5,3
1781,26,"vrouw",3,5,3,2,5,2,6,3,4,2,2,1,2,5,5,6,3,5,2,2,3,5,1,5,2,2
1782,29,"man",3,3,4,4,6,6,4,5,5,4,2,3,4,5,5,5,6,5,4,3,3,5,4,5,6,3
1783,46,"vrouw",2,5,4,4,6,,5,6,6,3,1,4,3,4,5,5,3,1,3,4,3,4,3,3,3,5
1784,50,"vrouw",5,1,5,6,5,5,2,2,1,3,5,1,2,5,5,6,1,2,2,2,1,6,2,5,4,2
1785,24,"vrouw",3,3,4,5,5,5,5,5,4,2,2,4,5,4,3,4,3,4,4,4,3,4,3,3,5,2
1786,45,"vrouw",3,2,6,5,6,5,4,3,5,2,3,1,2,5,2,6,4,2,4,5,4,4,2,5,6,2
1787,32,"vrouw",3,2,5,5,5,5,5,6,6,1,2,2,3,4,6,5,4,5,2,4,5,5,4,6,5,1
1788,19,"man",3,1,5,5,3,4,6,6,4,2,5,3,2,4,5,4,5,5,5,6,1,5,1,4,5,1
1789,15,"man",,1,6,6,6,6,4,5,3,4,4,1,2,,6,6,1,4,6,1,1,6,1,6,6,1
1790,21,"man",3,2,6,6,6,5,5,4,5,2,2,1,2,5,6,5,4,4,4,4,4,6,1,4,6,3
1791,38,"vrouw",3,1,6,6,6,5,4,6,6,1,2,5,2,3,5,5,1,4,1,2,2,5,5,2,6,4
1792,20,"vrouw",3,5,6,6,5,6,5,6,6,1,1,3,1,3,6,6,2,4,2,4,1,5,2,5,4,3
1793,28,"vrouw",2,5,6,3,6,3,3,6,6,1,3,6,6,2,4,6,6,6,6,4,6,6,6,3,4,4
1794,25,"man",2,4,2,5,2,5,6,2,3,4,6,6,6,3,1,2,4,4,6,6,2,6,1,5,6,1
1795,47,"vrouw",3,1,6,6,6,6,5,5,2,1,5,3,2,5,5,5,4,4,4,4,2,5,4,5,3,1
1796,55,"vrouw",3,5,5,2,2,3,5,5,6,,3,4,4,4,5,6,2,5,3,3,2,5,5,4,6,4
1797,55,"vrouw",3,5,5,2,2,3,5,5,6,3,3,4,4,4,5,6,2,5,3,3,2,5,5,4,6,4
1798,31,"vrouw",3,6,6,6,6,5,4,3,3,1,2,5,2,3,6,5,2,4,2,4,3,3,4,4,5,3
1799,24,"vrouw",1,5,6,6,6,6,4,3,5,1,2,1,4,2,6,3,3,2,3,2,5,6,2,4,3,3
1800,51,"man",1,2,5,3,5,5,6,,6,1,4,4,4,2,2,6,2,2,1,1,5,5,1,5,2,1
1801,43,"vrouw",4,1,5,5,6,6,6,5,5,1,2,1,1,6,6,6,1,2,3,1,2,6,6,4,6,2
1802,30,"vrouw",3,3,4,4,1,3,5,5,4,3,5,5,6,2,1,3,2,6,2,1,2,5,1,6,6,1
1803,38,"man",3,6,6,6,6,6,6,6,6,1,1,1,1,6,6,6,2,6,2,6,1,6,1,6,6,1
1804,24,"man",3,4,,3,6,4,2,1,4,4,1,3,3,5,4,6,5,2,1,1,1,6,1,3,1,2
1805,49,"vrouw",4,2,5,3,5,6,3,5,6,3,6,6,6,3,5,5,6,6,6,6,6,4,1,6,6,1
1806,16,"man",,5,4,3,4,3,2,3,2,6,6,1,5,4,4,3,2,3,4,2,1,6,6,6,6,5
1807,23,"man",5,3,4,5,6,5,6,5,5,3,3,2,4,4,5,5,1,1,5,3,2,5,1,3,5,1
1808,50,"vrouw",3,1,5,5,6,6,6,5,5,1,2,1,5,5,6,6,1,1,3,2,2,6,4,5,5,2
1809,25,"man",4,3,5,6,6,6,4,5,4,4,4,2,2,5,6,5,5,3,3,3,2,4,3,5,5,3
1810,40,"vrouw",3,5,1,5,1,4,6,6,5,1,3,2,1,5,6,6,6,6,4,2,5,6,6,5,4,3
1811,25,"vrouw",3,1,6,6,6,6,6,6,6,1,1,1,1,6,6,6,4,1,5,4,1,6,1,6,5,1
1812,21,"man",4,5,2,3,3,3,4,5,3,2,5,5,3,4,3,5,5,5,4,3,1,5,3,5,2,2
1813,23,"vrouw",3,2,5,5,6,5,2,6,5,1,2,3,2,4,5,5,4,4,6,3,1,5,5,4,4,3
1814,22,"man",4,5,2,6,5,5,6,5,6,6,6,4,6,6,5,1,6,6,6,6,6,6,5,6,6,6
1815,19,"man",3,5,3,3,4,4,4,5,5,4,5,5,5,3,3,5,5,5,3,4,4,4,3,5,4,2
1816,32,"vrouw",1,2,4,4,6,4,4,3,3,2,3,3,3,3,5,3,3,3,2,3,3,4,3,4,4,3
1817,48,"vrouw",5,,5,6,5,6,1,5,1,4,1,1,1,6,6,6,6,1,1,1,1,6,1,1,1,6
1818,40,"vrouw",5,4,3,2,4,3,6,5,4,2,5,5,3,5,2,5,4,5,2,5,3,5,1,5,6,1
1819,28,"vrouw",5,1,5,6,6,6,6,6,6,1,2,3,5,5,1,6,3,4,4,2,5,4,2,5,4,1
1820,33,"vrouw",3,1,6,5,6,5,5,5,5,2,1,4,3,4,5,5,2,3,3,4,2,5,1,5,4,2
1821,23,"vrouw",3,2,5,5,6,5,5,4,5,4,4,4,2,5,5,4,4,2,3,4,4,5,5,4,5,2
1822,22,"man",4,4,4,5,5,5,2,3,2,4,4,6,6,3,6,4,4,4,5,4,1,5,4,3,4,3
1823,40,"vrouw",3,1,2,2,6,2,6,5,5,1,2,6,3,1,5,2,5,2,6,6,6,4,4,5,5,3
1824,35,"man",3,3,6,3,3,4,5,6,2,2,2,3,6,2,5,3,5,5,5,5,3,6,4,6,6,1
1825,47,"vrouw",,1,5,5,5,4,5,4,5,2,2,2,2,4,2,6,5,5,5,4,5,3,6,3,4,4
1826,44,"vrouw",1,5,5,5,6,6,5,5,4,1,3,1,1,5,6,5,4,1,2,2,5,5,2,4,2,2
1827,20,"vrouw",3,5,4,2,4,2,4,2,4,3,4,2,6,2,3,6,6,6,6,6,6,2,2,2,6,3
1828,23,"man",5,2,6,6,6,6,6,6,5,3,4,6,2,6,5,6,3,4,5,5,5,5,2,5,5,3
1829,21,"vrouw",3,1,2,5,6,5,4,4,3,3,2,4,3,4,5,2,5,2,2,4,4,5,1,2,5,4
1830,52,"man",3,1,6,5,6,6,5,1,5,1,1,2,1,4,6,6,3,2,2,1,1,5,2,3,5,2
1831,21,"vrouw",3,3,4,5,6,5,4,6,5,4,2,1,5,4,6,5,3,3,3,2,3,5,2,4,3,3
1832,22,"vrouw",3,1,6,5,5,6,6,6,6,1,1,1,2,6,6,5,1,2,4,4,4,6,1,5,6,2
1833,24,"vrouw",4,2,5,2,5,4,4,5,4,2,2,5,4,3,5,3,1,3,1,1,1,4,2,4,5,3
1834,24,"man",3,2,5,4,6,5,3,4,4,2,2,3,4,3,5,5,3,4,4,4,2,4,4,4,5,3
1835,20,"man",3,4,5,3,2,3,6,5,4,4,6,5,3,3,5,4,3,5,4,5,5,3,1,6,5,2
1836,24,"vrouw",4,2,5,5,5,4,4,5,3,2,2,4,3,3,4,3,1,1,1,1,1,4,2,4,5,2
1837,28,"vrouw",3,1,6,6,6,4,6,6,6,1,2,1,1,4,6,6,2,2,2,1,2,6,1,6,6,5
1838,34,"vrouw",3,6,5,6,5,,5,4,4,5,6,5,1,,6,4,4,4,5,3,5,5,4,4,6,5
1839,22,"man",4,2,5,5,4,5,5,5,6,3,2,1,2,4,6,5,3,3,3,3,2,5,3,5,5,2
1840,33,"vrouw",3,1,6,6,6,6,3,6,4,1,1,4,1,5,6,6,2,4,2,1,1,5,1,5,5,5
1841,50,"vrouw",3,1,6,5,5,4,4,2,2,4,2,2,4,4,5,4,1,1,1,1,1,6,2,4,4,2
1842,20,"vrouw",3,1,6,6,6,6,6,6,6,1,1,1,4,6,6,6,6,6,5,1,1,6,1,6,5,3
1843,21,"vrouw",4,1,6,6,6,6,3,5,3,2,2,1,1,5,6,1,5,4,5,5,2,1,4,4,6,5
1844,24,"man",5,1,6,5,6,6,6,5,5,5,2,1,1,5,6,6,1,1,4,5,6,5,2,4,6,2
1845,23,"man",5,5,4,5,6,4,5,6,6,4,5,4,2,5,5,5,6,5,4,4,2,6,4,5,5,2
1846,22,"vrouw",3,1,6,5,,5,4,4,5,2,2,5,4,4,2,4,2,5,3,5,4,5,2,4,6,2
1847,40,"vrouw",4,2,4,5,4,4,2,2,5,2,4,3,3,2,4,5,3,4,1,1,1,4,2,4,5,2
1848,28,"vrouw",5,1,6,5,6,5,4,4,4,3,4,2,2,3,4,4,2,4,2,1,1,3,4,4,5,2
1849,30,"vrouw",2,6,6,4,6,3,4,6,3,6,5,1,4,6,6,6,6,6,6,6,6,6,6,4,6,1
1850,39,"man",1,3,5,5,6,6,4,6,6,1,1,1,1,5,6,6,4,3,2,3,1,6,1,4,6,4
1851,36,"man",3,3,4,5,5,5,5,4,3,1,1,4,4,4,5,5,4,4,4,1,1,3,5,5,3,2
1852,27,"man",3,4,5,5,4,5,4,5,5,1,2,2,1,5,6,6,4,4,2,2,1,6,2,5,5,4
1853,46,"vrouw",3,5,6,5,6,6,5,5,5,1,1,2,3,5,6,5,2,6,2,2,4,5,4,5,5,4
1854,57,"vrouw",3,5,6,3,6,6,5,6,4,1,2,1,1,6,6,6,3,5,2,2,3,6,6,4,6,2
1855,30,"man",3,5,5,2,5,6,4,3,5,3,3,3,4,4,4,4,2,3,4,3,2,4,5,4,3,3
1856,38,"man",3,6,6,6,6,6,5,5,6,1,3,1,2,5,6,5,5,5,2,4,2,4,4,6,6,3
1857,41,"vrouw",3,1,5,5,6,5,5,4,4,2,3,4,4,5,5,5,1,2,2,2,2,4,3,5,2,4
1858,27,"vrouw",3,3,6,6,6,6,3,6,1,1,3,1,1,6,6,6,6,6,6,1,1,6,1,6,6,1
1859,29,"vrouw",3,1,6,6,6,6,6,5,4,6,4,2,2,5,6,5,2,4,3,4,5,6,5,5,6,1
1860,51,"vrouw",3,1,6,5,6,5,5,5,3,5,4,4,1,4,5,6,4,4,3,5,4,4,5,5,6,1
1861,40,"vrouw",3,2,6,6,4,6,4,5,4,1,1,4,1,5,6,6,1,1,1,1,1,5,2,4,6,2
1862,25,"man",5,5,4,4,3,5,4,4,4,4,5,3,4,4,5,5,3,4,1,3,2,3,1,5,5,2
1863,33,"vrouw",3,1,6,6,5,6,5,4,4,3,2,6,4,5,6,5,4,4,2,3,1,4,6,3,3,6
1864,36,"man",3,2,5,6,6,5,6,6,6,2,1,4,1,5,5,6,5,4,3,3,4,6,2,5,6,5
1865,41,"vrouw",3,2,4,4,6,4,4,5,4,3,2,5,6,1,2,5,3,2,2,4,6,5,5,1,6,3
1866,51,"vrouw",5,1,5,4,6,4,5,,4,2,4,2,2,4,5,6,5,5,2,2,2,4,1,5,5,2
1867,35,"vrouw",3,1,4,4,5,4,4,4,4,2,5,2,5,2,3,,2,4,1,2,2,1,3,1,5,2
1868,25,"vrouw",2,5,5,6,5,6,6,5,5,1,3,1,1,6,6,6,2,4,2,2,1,6,1,5,5,2
1869,23,"vrouw",2,3,5,5,6,6,4,5,5,2,4,1,2,4,6,5,3,3,3,3,3,3,6,4,4,3
1870,29,"vrouw",3,4,4,2,6,4,,5,2,5,6,5,6,4,5,3,6,6,6,5,6,6,6,4,6,4
1871,32,"vrouw",3,1,5,4,6,4,4,3,4,3,4,1,4,5,6,5,4,4,4,5,6,4,4,6,5,3
1872,26,"man",3,4,4,4,6,1,5,5,5,4,2,4,3,4,5,2,5,6,4,4,3,4,6,3,5,4
1873,27,"vrouw",3,5,6,6,6,6,4,4,4,4,5,2,3,4,6,5,4,3,2,2,2,5,4,4,6,4
1874,24,"vrouw",4,2,5,5,4,6,5,4,5,2,4,5,3,4,5,3,2,4,2,2,1,4,1,3,4,2
1875,43,"vrouw",3,2,6,6,6,5,4,4,5,3,5,5,2,4,4,5,2,4,3,5,5,4,6,4,4,3
1876,41,"vrouw",3,1,5,6,6,6,2,5,6,1,1,3,2,3,6,6,2,4,2,3,3,5,2,3,2,3
1877,31,"vrouw",3,1,6,5,4,4,6,2,4,1,2,4,5,3,4,6,5,5,6,5,6,5,2,3,5,4
1878,39,"man",3,3,2,4,6,5,5,4,5,1,2,1,2,4,6,4,4,5,2,2,4,5,2,4,5,2
1879,40,"vrouw",3,1,6,6,6,4,4,5,5,4,5,6,4,4,4,5,2,4,4,4,2,4,4,4,6,3
1880,26,"vrouw",3,3,4,5,6,5,5,5,5,1,1,6,4,4,4,4,4,1,2,2,2,4,3,3,2,2
1881,40,"vrouw",3,5,1,6,5,5,5,1,5,1,4,4,1,5,6,5,1,1,1,1,1,5,1,6,1,1
1882,26,"vrouw",2,1,5,5,5,5,5,4,5,2,1,1,5,4,5,4,1,4,2,1,1,5,3,4,5,2
1883,18,"vrouw",1,1,6,5,6,5,4,4,3,4,2,1,2,4,5,3,4,5,5,5,6,6,1,5,4,2
1884,23,"vrouw",3,2,6,4,6,2,4,6,4,3,6,2,4,3,5,5,6,6,6,5,6,3,4,4,5,1
1885,27,"vrouw",3,3,5,5,5,4,6,5,6,1,1,1,1,6,6,6,5,5,5,4,2,6,1,6,5,1
1886,53,"vrouw",3,1,6,4,6,6,5,4,5,1,1,6,1,3,4,6,1,1,1,1,4,6,2,4,4,2
1887,21,"vrouw",3,3,4,5,6,3,3,5,3,1,4,6,6,3,1,2,5,5,6,5,4,3,2,2,6,3
1888,30,"vrouw",3,1,5,5,6,5,5,6,4,1,4,1,1,5,6,5,4,4,4,3,2,4,4,6,5,2
1889,31,"man",2,2,5,6,5,5,4,4,6,1,3,4,2,4,3,4,3,4,1,2,1,5,2,4,5,2
1890,26,"man",3,6,5,6,6,6,6,4,3,5,1,1,1,6,6,5,1,3,2,2,3,6,3,6,5,3
1891,21,"vrouw",3,3,3,5,6,4,3,4,3,4,4,3,3,4,4,4,4,4,4,4,4,4,1,4,3,3
1892,42,"man",1,1,,,6,5,5,5,5,5,2,5,4,4,5,5,2,1,1,1,2,5,4,4,5,2
1893,27,"vrouw",3,4,5,6,6,6,4,5,1,3,4,5,5,4,6,4,2,2,3,4,4,5,6,5,6,1
1894,27,"man",3,4,4,4,5,6,6,6,6,2,4,1,3,3,6,5,5,5,3,3,1,5,5,5,5,1
1895,34,"vrouw",3,3,6,6,6,6,6,6,5,1,1,2,1,6,6,6,2,2,2,1,2,5,2,5,2,1
1896,34,"vrouw",3,2,6,6,6,4,3,5,4,3,4,1,3,3,6,4,3,2,4,4,4,3,1,5,4,4
1897,22,"vrouw",3,2,5,5,3,5,5,4,5,3,4,2,3,4,4,4,5,4,3,2,5,6,3,5,5,2
1898,27,"man",3,2,6,5,6,6,4,5,5,1,3,1,1,6,5,5,1,2,1,1,1,6,2,5,6,2
1899,33,"vrouw",2,1,6,6,6,6,2,6,1,6,1,4,4,6,6,6,6,5,6,6,5,6,1,6,6,2
1900,23,"vrouw",5,2,5,5,6,6,5,5,5,4,6,2,2,5,6,5,4,5,3,3,4,6,3,3,4,3
1901,27,"vrouw",3,,6,5,6,6,,6,5,2,2,5,4,4,6,5,6,6,6,6,6,6,6,6,5,5
1902,23,"vrouw",3,2,5,2,6,2,6,6,6,2,3,5,6,2,1,3,6,6,6,6,6,6,1,5,6,1
1903,35,"vrouw",3,4,4,4,6,5,6,5,3,1,1,5,1,1,4,6,1,1,1,1,4,6,1,6,1,2
1904,28,"vrouw",2,5,5,5,6,5,4,5,3,4,3,2,6,3,5,4,4,3,3,2,4,4,3,4,3,3
1905,29,"vrouw",3,1,6,6,6,6,6,3,4,2,5,2,2,3,6,4,3,4,4,3,4,4,4,4,4,3
1906,28,"vrouw",4,3,4,4,4,4,4,4,4,3,3,4,4,4,5,4,1,3,3,4,1,3,3,3,4,4
1907,53,"vrouw",4,1,6,6,5,6,6,5,6,1,1,5,5,4,5,6,1,1,1,4,1,6,5,5,5,1
1908,47,"vrouw",3,5,5,6,6,2,5,5,4,3,4,1,2,5,6,3,3,4,4,3,3,5,4,4,4,4
1909,31,"vrouw",3,2,5,5,6,6,4,6,3,1,2,4,1,3,6,4,2,5,3,1,6,6,1,3,4,2
1910,22,"vrouw",1,2,6,6,6,5,5,4,5,3,1,2,2,5,5,5,4,4,4,4,3,6,4,4,4,3
1911,45,"man",4,2,5,4,4,5,5,2,4,4,4,4,6,2,5,3,3,4,2,4,2,4,2,4,5,3
1912,29,"vrouw",3,4,5,5,6,2,3,4,1,4,5,1,2,4,4,,5,6,6,1,5,5,2,4,5,2
1913,48,"vrouw",3,1,6,6,6,6,5,6,5,1,1,1,1,6,6,6,2,1,4,6,4,6,4,6,6,3
1914,39,"man",4,2,3,6,5,5,3,2,2,3,6,2,5,2,5,3,1,4,1,5,3,6,4,5,6,3
1915,33,"vrouw",3,5,6,6,6,6,6,6,5,1,1,1,1,6,6,6,1,1,1,2,1,6,1,6,6,1
1916,28,"man",3,3,5,5,5,5,6,6,2,1,1,2,1,5,6,6,4,4,2,1,1,6,1,6,1,1
1917,20,"vrouw",3,1,6,4,6,5,4,4,3,1,1,5,4,2,4,4,3,3,1,2,5,5,1,3,5,2
1918,34,"vrouw",2,1,5,5,6,5,,4,2,1,1,3,1,5,6,5,1,1,1,1,2,6,1,5,4,2
1919,25,"vrouw",4,1,6,5,6,5,4,3,4,5,5,2,5,1,4,2,1,1,1,4,2,4,5,2,5,2
1920,41,"vrouw",3,2,6,6,6,6,5,5,5,4,1,5,4,5,6,5,2,2,4,1,4,1,5,5,6,5
1921,26,"vrouw",5,1,5,3,4,5,3,4,4,3,3,,3,4,4,3,3,3,2,3,3,4,4,5,5,3
1922,34,"vrouw",3,1,5,5,5,5,5,5,4,1,2,3,1,4,5,5,2,2,2,1,3,5,3,5,5,1
1923,19,"man",3,1,1,1,1,1,1,1,1,1,1,1,1,1,1,1,1,1,1,1,1,1,1,1,1,1
1924,31,"vrouw",5,1,6,6,6,5,4,4,4,1,2,4,1,5,6,5,3,4,4,3,4,4,2,6,6,2
1925,29,"vrouw",5,1,5,5,6,5,6,5,5,1,1,2,5,2,4,3,4,5,4,2,5,2,4,3,6,3
1926,35,"man",3,2,4,2,5,2,5,5,5,1,4,6,6,2,2,5,3,4,3,5,2,4,4,1,5,2
1927,20,"vrouw",5,3,5,5,6,5,5,5,5,4,2,2,4,4,2,4,4,4,5,4,2,5,4,4,5,2
1928,35,"man",3,5,5,3,5,2,5,6,6,1,2,5,6,4,4,4,5,5,6,5,2,6,1,1,6,6
1929,20,"man",5,2,6,5,6,5,4,4,4,2,5,5,1,5,5,3,2,2,3,5,1,6,3,5,3,5
1930,23,"vrouw",2,1,4,6,5,4,4,5,4,3,4,2,6,2,2,2,4,5,4,3,3,5,4,6,6,1
1931,28,"vrouw",3,2,5,5,6,5,4,2,4,4,2,1,6,4,6,5,2,4,1,1,2,4,2,4,4,3
1932,28,"man",5,3,5,5,4,5,5,4,5,1,2,2,3,6,5,4,2,2,4,2,2,5,3,4,4,2
1933,47,"man",2,2,3,5,1,5,5,2,3,4,5,6,5,1,2,2,2,2,1,2,1,3,5,2,4,3
1934,20,"vrouw",5,2,6,3,6,2,6,6,6,1,1,6,6,4,3,1,1,3,3,3,6,3,5,5,2,5
1935,16,"vrouw",3,2,4,3,3,3,5,4,4,4,5,6,5,2,5,2,2,5,5,4,4,4,2,4,6,2
1936,25,"vrouw",3,1,6,6,6,5,5,5,4,1,2,1,2,5,6,5,2,2,2,2,2,5,2,5,4,2
1937,50,"vrouw",3,1,6,6,6,5,6,5,5,1,1,1,5,5,6,6,1,1,2,2,1,6,2,5,5,2
1938,38,"man",3,5,6,6,6,6,6,5,6,1,3,1,1,6,6,5,1,2,3,1,1,5,2,6,4,2
1939,36,"vrouw",3,1,5,6,6,5,6,6,5,1,1,2,4,5,6,6,4,5,4,4,2,6,2,5,5,3
1940,55,"man",4,2,5,1,6,6,6,6,5,1,2,1,1,6,6,6,1,2,1,1,1,6,1,5,6,1
1941,19,"vrouw",3,1,6,4,6,6,6,6,6,1,4,1,4,4,6,4,5,4,4,4,3,6,2,3,5,4
1942,41,"vrouw",2,2,5,5,6,6,6,4,5,3,1,1,3,5,6,5,4,5,5,3,1,4,5,5,5,5
1943,29,"vrouw",1,4,4,1,6,3,5,6,5,3,1,,2,4,5,4,3,4,5,6,4,6,3,4,6,3
1944,26,"vrouw",3,3,5,5,5,3,5,5,6,2,2,4,4,4,3,5,5,4,4,4,4,5,4,3,4,4
1945,40,"vrouw",3,2,4,6,4,6,5,4,6,3,4,4,2,5,5,4,5,5,5,3,3,4,6,4,4,4
1946,40,"man",3,6,1,6,6,5,4,1,1,4,4,1,1,6,6,6,6,4,3,4,1,6,1,6,5,1
1947,52,"vrouw",2,2,5,5,4,5,5,6,4,1,4,1,4,4,5,5,2,2,2,2,1,4,2,5,5,2
1948,35,"man",3,4,5,4,5,5,4,3,5,4,5,1,3,4,6,4,2,4,2,1,4,3,4,4,5,2
1949,22,"vrouw",3,2,6,6,6,,5,5,5,3,1,1,1,5,6,6,2,4,3,1,2,5,1,6,4,2
1950,33,"vrouw",5,2,6,6,6,1,5,6,6,1,4,1,1,6,6,6,4,6,4,1,1,6,1,6,6,1
1951,46,"man",1,3,4,3,6,3,4,4,4,2,1,5,4,2,3,3,3,3,3,4,4,3,1,3,3,4
1952,16,"vrouw",,2,5,4,4,5,5,6,5,3,4,2,4,5,3,6,2,3,2,4,4,6,2,4,6,1
1953,31,"vrouw",5,2,5,5,3,4,4,5,6,1,1,2,2,3,3,4,3,4,2,4,1,3,2,4,5,3
1954,30,"vrouw",3,4,6,6,6,6,4,2,2,4,3,5,1,5,6,6,5,6,4,2,5,6,4,5,5,1
1955,37,"vrouw",3,1,6,6,6,6,5,5,4,2,1,2,2,4,5,5,1,1,1,4,6,6,1,6,6,3
1956,48,"vrouw",4,2,4,4,5,4,4,5,2,4,3,6,5,4,1,5,4,3,5,4,4,6,3,4,6,4
1957,30,"vrouw",3,1,6,6,6,6,6,6,5,1,1,1,4,5,6,6,1,1,1,2,4,6,4,5,5,5
1958,17,"vrouw",1,2,5,5,2,4,5,6,5,2,4,3,4,5,5,3,5,4,6,2,4,5,4,6,6,2
1959,31,"vrouw",3,5,2,6,4,6,4,3,4,4,5,1,2,4,6,5,5,5,4,2,3,3,5,5,3,4
1960,20,"vrouw",3,3,6,4,6,5,6,5,4,2,1,1,1,4,5,5,1,3,2,2,2,3,1,4,6,3
1961,32,"vrouw",3,1,6,6,6,6,6,5,4,5,4,2,5,5,2,1,6,5,5,5,6,6,2,5,6,2
1962,18,"vrouw",3,1,6,5,6,4,6,6,6,4,2,5,4,4,5,5,3,2,4,4,5,4,2,3,5,2
1963,27,"vrouw",3,2,5,5,5,4,3,5,5,3,2,5,2,4,3,5,3,3,3,4,2,4,3,3,5,4
1964,23,"man",3,2,6,5,6,6,5,6,6,1,6,6,5,1,2,1,1,1,5,5,4,3,6,5,6,1
1965,36,"vrouw",3,1,5,1,5,5,6,5,5,3,6,1,6,1,3,6,5,2,6,6,2,5,1,4,5,2
1966,21,"man",5,5,1,3,5,2,6,4,4,6,1,5,1,3,5,3,3,5,4,6,6,3,3,2,5,2
1967,19,"vrouw",3,1,6,6,6,6,3,6,6,1,2,3,1,5,6,6,1,3,2,5,4,5,3,6,6,3
1968,50,"vrouw",5,1,6,6,6,6,6,6,5,1,1,1,1,5,5,6,1,1,1,5,1,6,1,5,6,1
1969,20,"man",3,4,4,2,2,2,5,6,1,4,6,4,2,2,5,5,4,4,6,5,5,5,1,5,5,2
1970,35,"vrouw",2,4,6,5,5,4,5,6,1,5,5,5,3,4,4,6,6,6,6,6,6,5,1,6,5,3
1971,21,"man",3,5,5,5,6,5,5,5,4,4,4,5,5,5,4,4,4,4,5,4,5,4,3,4,5,5
1972,17,"vrouw",,2,5,6,6,5,6,5,6,2,3,5,4,5,5,4,4,4,5,2,6,6,1,3,5,2
1973,20,"vrouw",3,5,4,2,3,4,5,6,5,2,1,4,5,2,2,6,4,5,6,4,4,6,1,5,6,2
1974,42,"vrouw",2,1,6,6,6,5,6,5,6,1,1,4,1,4,5,6,1,2,2,3,1,5,2,6,6,2
1975,24,"vrouw",5,1,6,6,6,6,6,2,5,2,1,1,1,5,6,5,2,2,4,1,4,6,1,6,6,2
1976,52,"vrouw",5,2,5,4,2,5,1,1,3,4,5,2,4,2,2,4,3,2,1,3,2,5,4,4,5,2
1977,58,"man",2,1,6,6,6,6,5,,6,4,4,5,4,5,6,5,5,4,5,5,5,6,6,6,6,1
1978,12,"vrouw",,1,6,6,6,6,6,6,6,1,1,1,1,6,6,6,1,1,1,2,1,6,1,6,6,1
1979,32,"vrouw",5,1,5,5,5,6,6,5,4,1,1,4,2,2,6,5,5,6,5,4,4,4,1,6,6,1
1980,50,"vrouw",5,2,5,5,6,5,5,4,4,2,5,2,2,5,5,3,2,3,3,2,5,4,2,4,5,2
1981,35,"vrouw",5,2,4,6,6,6,5,2,4,2,5,1,1,6,6,6,5,6,5,5,5,6,2,6,6,1
1982,28,"man",3,1,6,6,6,6,4,4,3,4,6,3,4,6,6,5,2,6,5,6,5,6,1,6,6,2
1983,25,"vrouw",3,1,6,6,5,6,5,4,5,1,2,2,1,6,6,5,2,3,1,2,2,5,1,6,5,2
1984,31,"man",5,4,4,5,5,5,1,3,2,4,6,1,4,6,2,6,4,6,4,5,1,5,1,6,6,1
1985,22,"man",3,1,4,5,6,6,6,6,6,1,1,5,1,6,6,5,1,1,1,6,1,6,1,6,2,5
1986,33,"man",5,2,4,5,3,4,5,5,5,1,1,3,2,5,4,6,2,2,2,2,1,6,2,4,4,2
1987,33,"vrouw",4,1,5,6,1,4,4,1,5,2,5,1,4,1,5,4,3,4,4,6,5,2,3,4,4,3
1988,58,"man",3,2,5,2,4,2,4,5,4,2,3,6,4,1,1,2,1,1,1,5,1,6,2,1,4,1
1989,26,"man",5,4,4,2,2,2,2,4,2,3,6,2,4,4,2,4,4,4,2,2,2,6,1,6,2,2
1990,26,"vrouw",1,1,6,6,5,6,6,5,5,1,1,4,4,6,3,5,4,4,2,2,2,6,2,4,6,2
1991,30,"vrouw",3,1,4,4,5,4,4,4,4,1,2,3,4,4,4,4,3,4,3,3,4,4,3,4,4,4
1992,26,"vrouw",2,3,5,6,6,6,4,5,5,3,4,4,4,4,5,5,5,6,6,4,6,4,4,5,5,2
1993,24,"vrouw",5,2,6,6,6,6,6,6,6,4,1,6,4,6,5,5,1,2,1,3,2,6,2,6,4,4
1994,51,"man",3,4,5,5,6,5,4,2,5,5,6,1,1,5,6,5,3,4,5,3,4,4,6,3,5,4
1995,18,"vrouw",3,2,6,4,6,5,4,5,6,2,4,4,5,4,5,5,4,5,4,2,5,5,3,4,6,3
1996,34,"vrouw",4,2,6,5,5,6,5,5,6,2,2,2,2,5,5,6,2,3,2,2,5,5,5,5,6,2
1997,20,"vrouw",3,1,5,5,6,5,6,5,5,2,2,2,3,4,5,4,1,2,2,2,1,4,3,4,3,2
1998,30,"vrouw",5,2,5,6,6,6,5,5,6,2,1,2,3,5,5,5,2,2,4,4,2,6,3,6,4,3
1999,21,"man",1,2,6,6,4,5,6,2,5,4,1,1,1,6,6,6,4,3,2,2,1,6,2,5,6,2
2000,21,"man",1,2,4,4,4,5,6,2,5,4,1,1,1,5,6,6,4,6,2,2,2,6,2,5,6,2
2001,23,"man",5,6,6,4,5,4,4,4,6,3,5,6,4,4,5,3,4,4,5,5,3,3,3,3,5,4
2002,23,"man",5,4,1,6,6,5,3,5,6,5,4,4,2,5,6,1,2,2,5,4,4,5,4,4,5,5
2003,21,"vrouw",3,6,3,3,6,6,6,6,6,1,1,1,3,6,6,5,1,5,2,1,1,4,5,4,4,4
2004,20,"vrouw",3,1,6,6,6,5,4,4,4,2,3,3,3,4,5,3,1,2,2,2,2,5,2,4,5,3
2005,23,"vrouw",2,3,5,5,5,5,5,4,5,2,2,3,4,4,5,3,3,3,4,3,5,4,2,3,5,2
2006,37,"man",5,2,4,5,6,5,4,2,5,4,5,1,4,4,5,5,2,4,2,4,3,6,1,6,6,1
2007,31,"vrouw",3,1,5,5,6,5,5,4,2,3,2,1,2,3,6,5,2,4,4,2,2,4,3,4,4,2
2008,28,"vrouw",3,2,5,5,4,5,4,4,5,2,2,2,2,5,6,6,5,5,5,4,3,5,5,5,6,4
2009,22,"vrouw",3,4,6,,6,5,6,5,5,1,4,1,1,2,6,5,1,1,1,2,1,5,6,4,1,2
2010,18,"vrouw",3,4,5,5,5,3,5,5,4,1,1,6,5,4,3,4,3,2,2,2,5,5,2,3,3,1
2011,53,"vrouw",2,2,5,5,4,6,5,3,6,2,4,4,2,3,1,4,1,1,1,3,2,6,4,4,6,2
2012,21,"vrouw",3,1,5,5,6,6,6,6,5,2,2,1,5,5,6,6,1,2,4,2,5,5,3,5,5,5
2013,25,"vrouw",3,2,5,5,6,6,4,,5,1,1,3,2,6,5,6,1,4,3,4,4,5,5,4,5,2
2014,36,"vrouw",3,1,5,6,6,4,6,5,5,2,4,5,3,4,5,3,1,2,4,3,2,5,2,5,6,1
2015,25,"vrouw",3,1,6,6,6,6,4,4,4,1,1,4,4,4,4,4,3,3,4,4,1,6,1,4,5,1
2016,18,"vrouw",1,4,4,4,5,4,3,1,2,5,5,4,5,3,2,3,4,4,5,5,6,6,1,5,6,2
2017,38,"man",4,2,2,3,2,2,5,4,4,2,2,3,5,4,1,3,2,4,2,4,2,5,1,4,6,1
2018,61,"vrouw",,1,6,5,6,4,1,6,6,1,5,4,6,1,1,6,2,5,2,5,4,4,5,5,6,1
2019,48,"man",2,2,6,5,6,4,5,4,4,4,6,1,3,3,4,4,2,2,4,6,1,3,3,5,6,2
2020,20,"vrouw",3,1,6,6,6,6,6,5,5,1,1,3,5,4,6,3,2,4,4,2,5,4,4,4,6,2
2021,29,"man",5,1,4,4,3,4,2,3,3,3,5,4,4,4,4,4,2,2,1,3,1,6,2,4,6,4
2022,19,"vrouw",3,2,5,5,5,5,5,5,4,1,2,2,2,4,5,5,2,3,3,2,2,4,3,4,4,4
2023,21,"vrouw",3,3,5,4,2,2,4,4,5,1,2,3,3,5,4,6,3,4,4,3,3,6,2,5,6,1
2024,31,"man",3,4,5,5,5,6,5,2,5,1,2,6,2,2,6,5,5,6,5,3,1,4,4,2,5,4
2025,26,"man",5,2,4,4,5,4,5,5,4,2,2,4,5,3,4,4,2,2,2,2,3,4,5,4,4,3
2026,34,"man",3,5,6,,6,6,6,6,6,1,1,6,1,3,5,6,6,6,1,1,1,6,6,4,4,4
2027,19,"vrouw",3,2,5,4,6,4,4,3,6,1,2,4,4,2,5,1,1,4,1,2,1,5,5,4,6,1
2028,19,"vrouw",3,2,6,6,6,6,4,5,4,1,1,1,2,4,6,5,1,3,1,1,2,5,3,5,5,5
2029,20,"vrouw",3,1,6,5,6,6,2,5,6,1,2,2,4,5,4,4,1,2,1,2,4,3,4,2,6,4
2030,34,"man",2,1,6,4,3,5,5,3,4,4,4,4,4,4,5,3,1,3,5,4,4,5,1,5,6,1
2031,20,"vrouw",3,1,5,5,5,6,4,4,4,2,4,1,2,4,6,2,2,2,3,2,5,3,2,5,4,2
2032,28,"vrouw",2,2,5,6,6,6,4,5,3,1,2,3,1,4,6,1,5,4,2,6,5,6,1,5,6,2
2033,27,"man",2,1,5,5,4,4,5,2,4,2,6,2,3,2,3,2,3,4,5,5,2,6,1,4,5,4
2034,36,"man",5,4,4,4,4,2,5,5,3,2,5,3,4,2,2,4,4,5,4,4,3,5,1,5,5,1
2035,19,"vrouw",1,4,3,2,3,4,5,4,4,3,4,5,2,2,3,3,1,1,1,1,1,6,1,6,6,1
2036,26,"man",4,1,5,3,4,5,5,5,5,2,3,4,2,3,5,5,1,2,1,2,1,4,6,3,4,4
2037,42,"vrouw",2,5,3,2,5,3,6,6,4,1,6,6,6,2,1,3,4,6,5,6,6,4,6,2,6,1
2038,32,"man",5,4,5,6,6,5,5,5,6,1,4,,4,6,5,5,1,2,4,5,1,5,5,5,6,4
2039,31,"vrouw",3,1,6,6,6,6,5,4,4,2,3,4,2,6,6,6,2,1,4,1,1,6,1,5,5,3
2040,20,"man",3,3,5,5,6,5,3,4,3,2,4,1,3,4,5,4,2,2,1,2,2,4,4,5,4,2
2041,19,"man",3,5,5,6,6,5,5,4,5,2,2,4,5,4,2,3,6,5,5,3,1,5,6,4,6,4
2042,19,"vrouw",3,1,6,5,6,5,4,4,5,2,3,4,2,3,5,2,1,1,1,1,3,4,3,4,5,2
2043,24,"man",4,3,4,4,4,4,5,5,4,4,4,5,5,3,3,4,3,4,4,4,4,3,1,4,5,3
2044,19,"vrouw",3,2,5,5,4,3,3,2,4,3,2,6,6,2,2,3,2,2,2,3,1,6,2,5,5,3
2045,22,"vrouw",3,2,6,5,6,4,2,3,3,4,5,3,4,3,4,2,3,5,4,4,4,3,5,3,6,4
2046,40,"vrouw",5,2,5,5,4,3,4,4,4,4,5,1,3,4,3,5,5,5,5,4,2,6,2,5,4,1
2047,24,"vrouw",3,4,6,4,6,5,4,6,5,3,2,4,4,4,5,4,2,3,4,4,2,4,1,4,5,3
2048,20,"vrouw",3,1,5,5,6,5,4,5,6,2,3,3,4,4,5,4,2,2,2,1,4,4,4,4,3,3
2049,31,"vrouw",4,3,5,5,3,5,6,4,4,3,5,5,4,3,2,4,2,3,4,5,2,3,3,5,5,2
2050,18,"vrouw",3,1,6,6,6,5,6,6,5,1,2,2,5,5,5,5,2,5,4,2,4,5,2,5,5,2
2051,19,"vrouw",3,5,6,6,6,5,6,6,6,2,4,4,2,5,5,6,3,4,4,3,4,5,2,6,5,2
2052,20,"vrouw",3,1,5,4,4,4,6,4,5,1,2,6,4,1,2,2,1,1,1,5,1,4,1,5,5,2
2053,20,"vrouw",3,1,6,6,6,5,5,6,5,1,2,1,1,4,5,5,1,2,1,1,2,4,1,4,6,1
2054,20,"vrouw",3,2,6,1,6,5,4,6,5,2,3,2,3,5,1,4,4,4,2,3,2,4,4,5,6,2
2055,34,"vrouw",3,1,6,6,6,5,6,5,6,2,4,1,2,5,5,6,4,4,4,4,4,5,3,5,5,2
2056,16,"vrouw",1,3,4,6,6,6,3,3,2,3,3,1,1,5,6,4,4,4,3,2,5,5,4,6,4,2
2057,20,"vrouw",3,2,5,4,6,5,5,5,5,2,2,2,2,5,5,5,2,3,5,5,4,5,2,6,5,1
2058,24,"vrouw",4,1,6,5,1,5,3,2,2,4,6,5,5,3,4,5,2,4,4,5,2,4,4,3,6,1
2059,20,"vrouw",3,2,5,4,6,4,4,4,3,3,3,4,5,3,4,3,2,3,4,5,3,4,2,4,5,2
2060,19,"vrouw",3,1,6,6,6,5,4,4,4,3,1,3,3,5,5,5,3,3,1,1,2,5,3,5,4,2
2061,20,"man",3,3,5,2,4,5,6,1,6,3,2,2,2,2,6,5,1,6,1,1,6,5,2,6,5,2
2062,27,"vrouw",3,1,6,5,6,4,6,6,6,1,2,4,6,2,1,5,5,6,6,4,6,4,4,2,5,2
2063,21,"vrouw",3,4,4,5,3,4,4,6,5,2,3,3,4,5,5,5,6,6,5,6,6,6,1,6,6,2
2064,28,"man",5,5,5,4,5,5,5,5,4,5,5,5,5,5,5,5,4,4,3,4,2,5,5,4,4,5
2065,43,"vrouw",4,1,5,6,6,6,5,5,5,1,3,2,1,6,6,6,1,1,1,1,1,6,1,6,6,1
2066,19,"man",3,1,5,6,5,5,2,6,3,1,5,2,3,5,4,4,1,2,1,2,1,4,2,5,6,2
2067,44,"vrouw",4,2,3,4,4,4,3,3,3,3,3,4,2,5,3,4,1,2,3,2,1,6,2,5,5,2
2068,14,"man",,1,6,5,6,5,4,4,3,4,5,4,5,4,4,3,3,4,1,2,3,6,2,5,6,2
2069,18,"vrouw",3,1,6,5,6,6,4,3,4,3,5,2,4,4,5,3,3,3,1,3,2,5,4,3,6,2
2070,56,"vrouw",4,2,5,5,5,5,4,3,5,2,4,3,4,3,5,4,3,4,1,3,4,4,2,3,5,2
2071,20,"vrouw",2,3,5,5,6,4,4,4,4,2,4,2,3,4,5,5,1,3,2,2,3,4,1,3,4,4
2072,19,"vrouw",3,1,6,5,6,5,5,5,4,3,3,1,2,4,6,5,1,2,2,2,2,5,4,5,6,3
2073,51,"man",5,4,4,5,4,4,6,6,1,4,6,2,5,4,1,2,5,5,3,6,5,5,1,6,6,1
2074,25,"vrouw",3,1,6,4,6,4,5,6,6,2,2,4,4,5,4,6,2,5,1,2,1,6,1,6,5,2
2075,20,"vrouw",3,5,6,6,6,5,5,4,3,3,4,4,5,4,6,3,1,2,5,2,2,5,3,5,6,2
2076,19,"vrouw",3,3,5,5,6,6,6,5,6,2,1,1,1,4,6,5,2,2,1,1,2,5,3,4,5,3
2077,17,"vrouw",,3,3,2,6,2,5,5,5,3,3,5,5,4,2,5,2,1,1,2,1,4,1,4,5,3
2078,20,"vrouw",3,2,6,5,6,5,5,5,5,2,4,3,6,4,3,5,3,5,5,4,6,4,4,3,6,5
2079,24,"vrouw",4,3,6,5,6,5,4,5,5,4,3,5,4,4,5,3,2,3,5,4,2,4,4,4,3,3
2080,20,"vrouw",3,2,5,4,4,4,3,2,4,2,4,2,3,4,5,5,3,4,4,4,3,6,1,6,6,1
2081,58,"man",5,1,5,6,4,6,5,5,4,2,5,2,4,5,4,6,2,2,2,5,1,6,2,6,6,1
2082,20,"vrouw",3,2,5,4,6,5,4,4,4,2,3,2,3,5,5,5,2,2,2,2,3,4,3,4,4,3
2083,28,"man",3,4,4,2,5,2,5,4,6,1,1,5,4,2,3,5,6,1,5,4,3,6,2,4,5,2
2084,25,"vrouw",5,1,6,6,5,5,2,1,2,5,5,1,2,5,5,4,1,3,3,3,4,6,1,6,6,1
2085,30,"vrouw",3,2,5,4,5,3,4,4,4,2,2,3,3,3,3,5,5,5,5,5,5,5,3,3,5,3
2086,49,"vrouw",3,1,6,6,6,5,4,2,2,4,4,2,1,4,6,5,2,3,2,1,2,6,2,5,5,1
2087,26,"vrouw",3,4,6,4,6,4,3,6,4,1,3,2,4,4,3,5,3,5,5,4,4,6,1,6,5,2
2088,48,"vrouw",3,1,6,6,6,6,5,6,6,1,1,6,4,1,4,1,1,1,1,2,6,5,4,4,1,6
2089,17,"man",,2,5,4,4,3,5,3,4,4,4,6,5,3,3,4,2,4,4,2,2,4,2,2,6,1
2090,22,"vrouw",3,2,5,6,6,6,3,6,3,3,4,1,1,3,6,6,3,4,3,1,3,6,2,6,5,2
2091,45,"vrouw",5,1,6,6,6,6,1,1,5,2,6,1,1,1,6,6,1,1,1,1,1,6,1,6,6,1
2092,17,"vrouw",3,2,5,5,6,4,4,,2,3,4,4,2,4,5,5,1,2,2,2,1,4,2,5,4,2
2093,17,"vrouw",3,2,5,5,6,4,5,4,2,3,4,4,2,4,5,5,1,2,2,2,1,4,2,5,4,2
2094,17,"vrouw",3,2,5,5,6,4,5,4,2,3,3,4,2,4,5,5,1,2,2,2,1,4,2,5,4,2
2095,17,"vrouw",3,2,5,5,6,4,5,5,2,2,3,4,2,4,5,5,1,2,2,2,1,4,2,5,4,2
2096,22,"man",2,2,5,5,6,5,5,6,2,3,3,4,2,6,4,2,3,3,5,6,2,6,3,6,6,1
2097,30,"man",2,4,6,5,4,5,2,5,4,3,2,4,2,3,5,5,5,4,1,4,2,6,4,5,5,2
2098,19,"man",3,6,2,5,2,2,4,2,2,4,3,6,6,2,1,4,1,2,2,1,1,6,1,5,6,3
2099,34,"vrouw",4,2,3,4,3,4,6,5,4,2,2,3,2,5,3,6,4,4,3,2,1,6,1,6,4,1
2100,52,"man",2,3,5,4,5,2,4,5,2,3,2,4,2,4,4,6,3,4,4,2,2,5,3,4,4,3
2101,19,"vrouw",3,1,6,5,1,3,6,6,5,1,4,1,6,4,5,6,1,5,1,6,5,6,3,5,6,2
2102,31,"vrouw",3,1,6,6,2,5,4,5,4,1,1,,1,4,3,6,5,4,1,4,5,4,1,4,6,1
2103,21,"man",3,2,5,4,5,4,4,4,4,3,4,2,4,4,5,3,4,4,4,4,3,4,2,5,5,2
2104,22,"man",3,3,6,5,4,5,4,3,5,2,3,1,3,4,4,6,4,4,4,3,4,5,5,6,4,2
2105,21,"vrouw",3,6,5,5,3,3,5,4,4,1,3,6,4,3,2,2,1,3,4,5,3,5,2,4,5,1
2106,19,"vrouw",3,1,4,4,2,2,4,3,4,4,6,4,5,2,1,2,5,5,5,5,4,5,3,5,6,2
2107,30,"vrouw",5,1,6,6,4,4,5,5,5,2,4,4,4,4,4,4,3,4,3,3,3,6,1,5,6,1
2108,25,"vrouw",3,2,6,4,5,4,6,6,6,3,1,4,1,4,5,5,2,2,1,1,2,6,1,6,5,2
2109,18,"vrouw",3,2,5,6,6,5,6,6,5,1,1,4,1,5,6,5,2,2,2,1,2,6,3,6,5,4
2110,33,"vrouw",5,3,6,6,3,5,6,5,4,1,1,1,1,6,5,6,3,4,2,1,1,6,1,6,2,2
2111,30,"man",4,2,3,4,2,3,3,5,4,4,6,6,4,2,2,4,4,5,5,5,2,5,3,5,5,1
2112,47,"vrouw",4,2,2,3,5,5,4,2,3,4,5,5,6,1,2,,2,3,2,4,5,6,2,5,6,2
2113,27,"vrouw",4,5,5,6,6,5,5,6,4,2,3,1,2,5,6,6,4,4,4,3,4,4,4,5,4,2
2114,39,"vrouw",3,4,4,5,4,5,3,3,3,4,4,6,2,4,5,4,3,4,5,3,2,3,4,3,4,4
2115,21,"vrouw",3,1,5,5,6,4,4,4,5,2,1,3,3,4,4,4,2,2,5,2,3,5,3,4,5,2
2116,20,"vrouw",3,1,6,3,3,4,6,3,6,,3,3,2,3,5,4,2,4,5,3,1,4,4,5,6,4
2117,20,"vrouw",3,3,5,4,6,4,5,5,5,2,2,4,4,4,4,4,3,3,2,4,2,5,2,4,6,3
2118,31,"vrouw",4,1,6,5,6,5,5,5,5,1,1,6,4,4,5,5,1,4,4,1,2,5,1,5,6,1
2119,18,"man",3,2,2,5,5,5,5,5,5,2,2,2,2,5,5,4,2,2,2,2,2,4,4,4,4,3
2120,29,"vrouw",3,1,6,6,6,6,5,6,6,2,3,1,2,4,5,5,5,4,5,3,2,4,3,4,5,2
2121,16,"vrouw",,1,6,5,6,5,3,4,4,2,2,2,4,4,3,3,2,2,1,4,3,4,2,4,4,3
2122,20,"vrouw",2,4,5,5,6,6,5,2,5,2,3,1,1,5,5,4,2,2,4,1,1,4,3,3,2,2
2123,21,"vrouw",3,1,5,5,5,6,1,2,5,5,6,2,1,4,3,1,1,1,1,2,1,5,5,2,2,1
2124,20,"vrouw",3,2,5,6,6,5,4,4,4,4,4,2,4,3,5,3,1,3,3,3,5,4,3,4,5,1
2125,33,"vrouw",4,4,4,3,4,5,5,5,2,1,2,4,1,1,5,4,1,1,1,1,3,3,4,4,4,2
2126,19,"vrouw",3,3,6,6,6,2,3,5,5,2,3,1,2,5,6,5,2,4,2,1,2,5,5,3,4,3
2127,20,"vrouw",3,5,3,2,4,4,4,6,5,2,2,2,3,5,5,5,5,5,3,2,4,6,3,5,2,3
2128,51,"vrouw",5,4,5,5,4,5,4,5,5,2,2,2,2,4,4,5,2,2,2,2,2,6,2,4,5,2
2129,30,"vrouw",3,1,5,6,6,6,2,4,4,1,2,3,1,5,5,5,1,1,1,1,1,4,1,3,5,3
2130,20,"man",3,3,5,4,4,5,4,3,5,3,3,5,4,4,4,4,3,5,2,2,2,4,2,4,5,2
2131,22,"man",1,1,5,6,4,5,2,5,4,3,6,4,6,3,2,2,1,3,3,2,2,4,2,4,6,1
2132,18,"man",1,1,4,5,6,4,4,5,5,5,5,6,5,4,5,3,4,5,3,6,4,6,4,4,4,3
2133,34,"man",2,1,6,6,5,6,4,4,3,2,4,2,1,6,6,5,1,2,1,3,2,5,2,6,3,1
2134,23,"man",1,4,4,6,6,5,6,4,4,4,6,1,3,5,5,4,1,2,3,6,2,2,3,3,5,5
2135,23,"vrouw",3,5,6,5,6,6,5,5,6,4,2,5,5,5,5,5,5,4,4,4,5,5,6,4,6,3
2136,29,"man",2,1,4,5,3,3,6,6,4,2,6,1,4,4,2,2,3,4,2,6,5,6,6,6,6,3
2137,21,"vrouw",3,1,6,3,5,6,6,5,6,1,4,4,4,5,4,2,4,5,6,2,4,5,1,5,6,1
2138,24,"vrouw",4,1,5,5,6,6,5,5,4,1,2,3,1,4,5,4,1,2,1,2,2,4,5,4,5,4
2139,50,"vrouw",3,1,6,6,6,6,1,5,6,3,4,4,1,5,5,6,1,1,1,1,1,6,4,5,5,2
2140,24,"vrouw",3,4,5,4,6,5,4,6,5,1,1,2,3,4,6,5,1,1,1,1,1,5,1,6,3,3
2141,42,"vrouw",3,1,6,6,6,5,5,,5,1,2,3,2,3,3,2,2,2,1,2,4,3,2,5,6,1
2142,25,"vrouw",1,2,5,2,1,2,,5,4,1,6,3,5,2,3,5,1,5,5,2,1,4,3,2,2,4
2143,19,"vrouw",3,2,5,5,5,6,4,4,5,4,4,4,4,4,5,4,3,2,4,3,4,4,6,2,4,4
2144,39,"vrouw",3,2,5,5,6,4,2,2,4,3,2,3,3,2,4,4,2,2,2,3,4,3,2,4,4,2
2145,18,"vrouw",1,2,4,2,6,4,3,5,5,3,4,1,3,4,5,6,4,5,3,4,6,4,4,4,5,3
2146,42,"vrouw",5,1,6,6,6,6,6,6,4,1,4,1,2,5,6,5,2,3,3,2,4,5,3,4,5,1
2147,40,"vrouw",5,2,4,5,5,6,6,4,4,2,4,5,4,2,3,2,1,2,2,2,5,2,5,2,5,2
2148,20,"vrouw",1,3,4,5,5,3,4,5,5,3,3,5,2,2,6,2,3,2,3,4,2,3,5,3,4,3
2149,57,"vrouw",3,1,5,5,5,6,3,5,2,2,4,3,2,3,5,3,2,2,2,3,4,4,4,4,4,4
2150,19,"man",3,2,2,2,4,1,5,5,5,2,3,4,5,3,2,4,3,5,2,2,4,6,2,3,6,1
2151,26,"vrouw",3,2,2,1,6,4,6,6,6,1,1,5,5,3,1,2,4,5,2,4,4,4,1,1,6,1
2152,22,"vrouw",3,1,6,5,6,4,5,5,5,1,2,3,3,3,4,4,2,3,3,1,2,6,2,4,5,2
2153,19,"vrouw",3,1,5,6,6,5,6,4,6,4,2,3,3,3,5,6,2,1,1,1,6,4,1,5,5,4
2154,29,"vrouw",2,3,4,4,2,5,6,6,4,2,5,2,2,5,2,5,6,5,6,6,6,5,6,4,6,5
2155,21,"man",3,2,3,5,4,5,5,4,5,2,3,2,2,6,6,6,3,4,2,2,1,5,2,4,6,2
2156,18,"man",3,4,4,2,5,3,6,6,6,1,2,5,3,4,4,2,2,2,1,1,1,3,5,3,5,4
2157,63,"vrouw",3,1,6,6,6,6,6,1,5,1,1,2,1,6,6,6,1,1,1,1,1,6,1,5,2,1
2158,25,"vrouw",4,1,6,5,6,4,6,5,5,2,4,2,6,2,3,5,1,4,4,4,3,5,3,6,6,1
2159,25,"vrouw",4,2,6,5,6,5,6,6,6,1,1,1,1,5,6,6,2,5,1,1,1,6,2,6,5,3
2160,23,"man",3,2,,6,4,6,5,3,5,1,1,1,1,4,6,5,1,4,1,1,2,5,3,5,5,3
2161,17,"vrouw",,2,5,3,6,3,4,3,3,5,4,6,6,3,3,1,1,2,3,4,1,4,2,4,5,2
2162,48,"vrouw",4,2,4,4,5,5,6,6,5,2,4,3,4,3,2,5,4,5,5,6,5,5,2,4,6,1
2163,20,"man",3,4,5,6,4,5,3,1,3,1,2,1,2,5,6,4,4,2,2,3,1,5,6,2,6,1
2164,19,"vrouw",3,3,5,4,6,5,5,5,4,2,3,1,1,4,6,5,3,3,5,2,3,5,4,5,5,3
2165,37,"vrouw",3,4,4,5,4,5,5,5,5,3,5,2,5,4,5,4,4,5,5,4,5,2,4,3,6,4
2166,20,"vrouw",3,1,5,6,5,4,5,5,4,1,3,2,2,3,5,5,2,2,2,1,4,3,4,4,4,2
2167,20,"man",3,2,5,4,3,5,4,2,5,2,2,2,2,4,6,5,2,2,1,2,2,3,3,4,3,4
2168,33,"vrouw",3,1,4,4,5,6,6,5,6,1,1,2,2,6,5,5,2,4,3,1,4,6,1,6,6,1
2169,20,"vrouw",3,3,5,4,4,2,3,4,6,3,3,1,3,3,4,5,2,4,1,1,3,5,4,4,2,3
2170,18,"man",3,3,4,4,5,3,5,5,5,3,3,3,4,5,4,5,3,3,4,4,4,5,3,5,4,3
2171,18,"vrouw",1,2,6,5,3,6,5,6,4,5,4,4,5,3,3,2,2,2,3,3,6,5,3,5,6,1
2172,20,"vrouw",3,2,6,4,6,4,5,5,5,4,6,3,4,4,4,5,4,4,2,2,2,5,5,5,4,4
2173,36,"vrouw",4,3,4,3,6,4,3,3,5,3,2,,4,3,3,6,3,2,3,2,5,6,2,6,6,2
2174,23,"vrouw",3,1,6,6,6,6,6,4,6,1,2,1,2,2,6,3,1,1,1,1,2,4,4,4,6,6
2175,25,"man",3,2,4,3,2,4,5,5,5,3,5,4,4,4,2,5,4,4,5,5,4,5,3,4,6,3
2176,48,"vrouw",3,2,5,6,6,6,5,5,5,4,4,1,1,5,6,5,1,1,1,1,3,5,5,5,5,1
2177,44,"vrouw",1,1,5,5,5,5,5,5,4,2,4,6,2,4,5,5,1,4,2,5,3,6,1,5,6,3
2178,46,"vrouw",1,2,5,5,2,5,5,5,4,3,3,2,3,3,3,5,2,4,2,4,3,4,3,4,5,3
2179,19,"man",3,1,4,6,6,2,6,6,3,2,1,6,6,3,2,2,2,3,2,6,6,6,2,3,6,3
2180,23,"vrouw",3,4,6,5,6,6,4,5,6,1,1,2,2,5,5,2,2,2,6,3,1,6,1,4,3,4
2181,23,"man",3,6,1,1,6,1,6,5,6,1,1,6,6,1,1,1,1,1,1,1,1,6,1,1,6,1
2182,20,"man",2,3,5,,4,4,4,4,5,3,4,6,4,,2,4,2,3,2,3,2,4,3,4,4,4
2183,56,"man",4,1,6,6,6,6,6,5,5,1,4,1,1,2,5,6,6,6,5,4,1,6,1,6,6,1
2184,28,"vrouw",5,4,6,2,2,4,5,4,4,2,4,2,,5,4,6,5,5,6,4,2,5,2,5,5,2
2185,17,"vrouw",1,1,4,4,1,6,5,4,4,4,6,1,1,4,6,6,5,6,4,6,6,5,1,6,2,4
2186,22,"man",4,3,4,3,1,4,2,2,1,4,5,4,5,1,2,5,4,4,3,6,5,6,1,6,6,1
2187,25,"vrouw",5,5,4,5,6,3,4,5,6,2,1,1,3,3,5,6,4,6,4,4,4,6,6,6,3,4
2188,44,"vrouw",4,2,4,6,4,6,5,5,4,1,2,2,1,6,5,6,1,2,2,1,1,6,1,6,5,1
2189,36,"man",3,4,4,4,4,4,4,5,4,4,5,2,4,5,4,4,3,5,3,3,4,4,5,4,5,3
2190,36,"man",4,5,5,4,6,4,3,5,5,3,1,6,3,4,5,2,1,1,1,1,2,5,1,4,5,1
2191,26,"man",3,4,4,3,4,2,3,3,4,5,5,3,5,4,4,5,5,5,4,5,5,4,4,4,6,4
2192,27,"vrouw",3,6,6,6,6,6,6,4,1,2,1,1,1,6,6,6,6,6,6,1,4,6,1,6,3,1
2193,27,"man",4,1,6,5,5,5,3,4,6,4,5,1,5,4,5,4,5,5,5,6,6,5,4,4,5,2
2194,24,"vrouw",3,1,5,4,5,2,4,4,4,1,4,2,5,1,4,4,5,5,4,5,4,5,2,5,5,1
2195,33,"vrouw",5,1,4,4,2,2,5,3,6,2,6,5,6,1,1,1,5,6,6,5,6,5,5,4,6,2
2196,19,"vrouw",3,2,5,4,6,4,4,3,5,3,4,3,5,3,3,4,2,4,2,3,5,2,4,4,4,5
2197,23,"man",3,3,4,5,6,,5,5,5,4,3,5,4,4,3,4,2,3,4,5,4,5,4,4,4,3
2198,22,"vrouw",3,2,3,3,5,4,5,5,3,3,4,4,4,4,5,3,3,4,5,4,4,4,3,4,5,2
2199,35,"man",4,1,5,5,6,5,5,5,5,2,1,3,5,4,2,6,2,5,2,2,3,5,1,5,6,2
2200,20,"vrouw",3,2,6,6,6,6,5,6,6,1,2,1,2,5,6,5,1,2,2,2,4,5,3,5,6,3
2201,42,"man",3,5,4,4,6,3,3,4,5,3,,4,3,3,2,3,2,4,4,5,3,5,3,4,4,3
2202,34,"vrouw",4,1,6,6,5,6,5,5,4,1,2,2,3,4,5,5,2,2,5,4,3,6,2,4,6,2
2203,24,"vrouw",1,4,4,6,3,6,5,5,2,4,6,2,3,6,6,4,3,4,5,2,3,6,5,6,6,1
2204,29,"man",3,4,4,5,4,5,6,5,4,2,2,4,5,5,5,4,2,2,2,2,2,6,1,5,6,1
2205,21,"vrouw",3,2,6,5,6,5,4,6,5,3,3,2,3,4,5,4,2,3,4,2,3,5,3,4,5,3
2206,27,"vrouw",5,3,5,3,3,4,5,5,5,4,4,4,4,2,2,4,2,4,4,4,4,4,2,5,5,2
2207,22,"vrouw",2,5,4,4,5,2,4,5,3,5,6,2,6,2,5,4,5,6,4,5,4,4,2,5,5,2
2208,28,"vrouw",4,2,5,4,4,5,6,6,5,2,6,5,5,3,3,6,4,4,5,6,1,5,1,4,5,1
2209,41,"man",5,2,4,5,6,4,5,5,2,3,3,2,,5,5,5,2,3,2,3,1,6,1,5,3,3
2210,48,"vrouw",5,4,5,6,6,5,6,6,4,2,4,2,4,5,5,5,2,4,2,4,4,6,1,5,6,1
2211,31,"man",3,3,5,2,6,2,6,5,5,1,1,5,5,4,5,4,5,4,2,1,1,5,2,5,5,1
2212,52,"man",4,1,5,5,5,5,5,5,4,3,6,5,6,4,5,4,5,6,4,5,6,5,2,5,5,2
2213,41,"vrouw",1,1,6,6,6,6,6,6,6,1,1,6,6,3,1,4,6,6,6,6,6,6,4,2,6,1
2214,22,"vrouw",4,3,4,5,5,4,4,2,2,5,5,1,1,4,6,5,4,5,4,2,4,4,1,3,3,2
2215,48,"man",4,3,3,3,4,5,4,5,3,3,5,3,2,4,5,4,2,2,4,3,2,6,2,4,5,4
2216,30,"vrouw",4,2,5,5,6,5,4,3,5,3,2,1,2,4,6,6,2,2,3,2,1,5,5,4,5,2
2217,37,"man",3,3,3,3,6,4,3,4,5,3,2,3,3,4,5,3,2,4,2,5,5,3,4,3,4,3
2218,16,"vrouw",,4,2,1,2,2,5,4,3,2,2,3,6,3,4,5,2,2,2,2,1,6,1,5,6,2
2219,17,"vrouw",2,3,6,6,4,3,5,6,5,4,3,6,5,4,6,5,6,6,4,5,5,4,5,4,5,5
2220,37,"vrouw",4,2,5,5,5,5,6,4,4,3,3,4,6,3,3,4,3,4,3,4,3,5,2,4,4,2
2221,61,"vrouw",5,1,6,6,6,6,6,5,5,2,5,2,2,4,6,5,1,2,1,2,2,6,2,5,5,1
2222,20,"man",3,1,6,5,6,4,5,5,2,2,2,4,2,4,5,5,2,3,1,1,1,5,2,6,5,1
2223,32,"man",4,4,4,4,3,3,5,4,4,1,4,1,2,3,4,5,4,4,5,3,2,6,3,4,5,1
2224,22,"vrouw",4,1,4,5,1,5,4,5,2,3,3,2,2,3,5,5,3,4,3,3,4,4,4,4,6,4
2225,20,"man",3,3,4,5,1,5,5,4,5,2,6,5,4,1,5,3,4,5,1,2,6,4,2,3,4,4
2226,33,"vrouw",5,2,6,6,6,6,5,6,6,3,1,1,1,6,6,5,1,1,2,2,2,6,4,4,6,2
2227,23,"vrouw",3,4,4,5,2,3,4,4,5,3,3,2,2,6,6,5,3,3,3,4,1,6,3,6,6,4
2228,21,"man",3,2,5,6,5,6,6,5,6,2,1,2,1,6,6,6,1,1,1,1,1,6,2,5,6,1
2229,43,"man",3,3,5,4,6,5,4,5,4,4,4,2,5,2,5,3,3,3,4,4,2,4,2,4,5,4
2230,47,"vrouw",1,2,5,4,5,5,5,6,2,2,2,6,4,2,5,2,2,2,2,4,6,2,5,2,2,5
2231,26,"vrouw",3,2,5,5,6,5,5,6,5,2,1,4,4,4,5,6,2,2,2,2,2,5,1,4,6,2
2232,23,"man",3,1,,4,6,4,4,6,4,1,1,4,4,5,6,4,4,4,4,4,2,5,4,5,2,4
2233,23,"vrouw",4,1,5,5,4,4,4,5,5,2,4,1,2,4,5,4,4,5,5,3,4,4,4,5,6,2
2234,21,"vrouw",5,2,5,5,4,5,4,,,2,2,2,2,5,5,6,2,2,1,5,2,4,2,4,5,3
2235,47,"vrouw",5,1,5,4,6,5,6,6,6,1,1,1,2,4,6,5,2,2,2,1,4,6,1,6,6,1
2236,18,"vrouw",3,1,5,,6,4,2,3,4,3,2,1,1,2,1,3,2,4,3,2,5,5,4,4,4,3
2237,20,"man",2,4,4,5,6,3,5,3,4,4,4,3,3,5,5,5,5,4,5,3,1,6,1,4,5,1
2238,20,"vrouw",3,1,4,5,2,3,5,4,4,2,4,1,2,3,5,5,4,3,2,3,4,4,5,2,5,2
2239,44,"vrouw",3,3,5,6,6,6,4,6,4,2,2,2,1,4,6,6,3,5,2,5,6,6,6,5,5,2
2240,20,"vrouw",3,5,3,3,6,2,5,6,4,1,2,1,2,3,5,5,5,5,3,2,4,5,2,3,5,2
2241,29,"vrouw",3,1,5,5,4,5,4,3,4,3,3,2,2,5,5,5,4,4,4,4,4,6,1,4,4,5
2242,20,"vrouw",3,1,5,4,6,5,5,5,3,2,3,5,2,2,5,5,4,4,5,2,3,4,2,4,5,3
2243,54,"vrouw",5,1,6,6,5,5,5,5,4,2,2,3,3,5,4,6,2,4,4,3,3,4,2,5,4,2
2244,34,"vrouw",3,5,5,3,6,4,4,3,5,4,4,2,4,4,5,5,4,4,3,3,4,4,4,3,4,4
2245,28,"man",3,2,4,1,1,5,3,2,4,3,4,1,4,5,6,3,4,4,2,2,4,6,5,4,6,2
2246,17,"vrouw",2,3,,6,4,6,6,6,,5,1,1,1,6,6,6,4,5,2,2,6,6,3,5,4,6
2247,20,"vrouw",1,4,6,6,6,6,5,4,5,2,3,2,1,6,5,5,1,1,2,2,2,4,2,3,4,1
2248,17,"vrouw",,4,3,5,4,2,6,6,5,1,2,6,6,6,1,2,5,6,6,6,6,6,1,5,6,1
2249,24,"vrouw",4,1,5,6,6,6,5,6,6,3,4,2,3,5,6,5,2,5,5,4,4,5,4,4,5,5
2250,20,"man",3,1,5,4,6,5,5,4,6,4,4,1,1,6,6,6,2,2,3,1,2,6,4,6,5,2
2251,20,"vrouw",1,2,5,3,5,4,3,3,3,5,5,2,5,2,5,4,3,4,6,4,3,5,4,3,6,4
2252,19,"vrouw",3,4,6,2,5,5,6,5,6,2,3,2,2,5,5,6,3,4,4,3,3,6,2,5,5,2
2253,34,"vrouw",4,1,6,6,6,6,3,3,5,3,5,3,5,5,6,1,2,2,2,4,6,2,5,4,6,3
2254,44,"vrouw",5,2,4,5,3,4,5,5,5,4,3,2,5,5,2,5,4,5,5,5,5,6,1,5,6,1
2255,32,"vrouw",5,2,4,1,2,2,5,5,4,1,6,2,2,2,5,5,1,4,2,2,1,2,4,4,4,4
2256,38,"vrouw",5,4,5,4,2,4,5,6,5,2,6,5,4,4,4,5,2,4,4,6,5,4,6,4,5,6
2257,26,"man",5,4,4,3,3,3,3,4,2,5,6,4,5,3,2,5,4,5,6,4,5,6,3,4,6,1
2258,30,"vrouw",3,3,5,6,6,6,6,6,3,1,2,4,2,6,5,6,4,4,2,2,2,5,1,6,6,3
2259,39,"vrouw",2,,6,6,6,,2,6,4,3,6,1,6,5,5,3,1,3,3,5,6,4,5,3,6,3
2260,25,"vrouw",5,1,6,5,4,5,5,5,6,3,3,4,3,2,4,5,2,3,2,3,5,3,3,5,6,1
2261,19,"vrouw",3,1,6,6,4,5,6,6,6,1,1,1,1,6,6,6,5,5,5,4,2,6,1,6,6,1
2262,16,"vrouw",,1,5,5,3,4,4,5,5,2,3,5,5,4,1,4,3,3,4,4,4,5,4,2,5,2
2263,29,"vrouw",4,4,5,6,1,6,6,5,5,1,5,1,1,6,6,6,2,5,1,4,1,6,1,6,6,1
2264,20,"vrouw",3,1,5,5,6,6,2,,3,2,6,,2,5,5,5,1,4,2,1,4,4,6,5,4,1
2265,23,"man",5,3,5,5,3,3,6,5,5,3,3,2,5,3,2,4,3,5,5,4,4,6,1,6,5,2
2266,39,"vrouw",4,2,5,5,1,5,5,3,4,2,4,2,4,3,5,5,1,3,2,4,1,4,2,3,5,2
2267,36,"man",2,1,6,6,6,6,4,4,5,1,1,1,1,6,6,6,2,2,2,1,1,6,2,5,5,1
2268,46,"vrouw",4,2,6,5,6,6,4,4,5,4,5,1,6,5,1,5,2,2,3,6,2,6,1,6,4,1
2269,20,"man",3,2,5,5,3,5,5,4,6,3,4,2,2,5,6,6,4,5,4,2,2,6,2,5,5,3
2270,21,"man",3,2,5,5,3,6,5,5,3,2,2,4,5,2,5,3,1,1,1,4,3,6,1,6,3,2
2271,20,"vrouw",3,1,5,5,4,5,5,5,4,2,5,4,4,4,2,3,3,4,6,6,3,4,2,5,6,1
2272,18,"vrouw",3,1,6,5,6,5,5,6,5,1,4,2,4,4,6,5,5,4,1,1,5,6,6,5,6,1
2273,47,"vrouw",5,3,2,5,6,6,6,6,6,1,1,6,5,5,1,4,6,6,6,5,1,6,1,6,6,1
2274,19,"vrouw",3,2,5,3,1,4,6,6,5,1,1,2,4,5,5,6,3,4,5,4,2,6,1,5,5,1
2275,38,"vrouw",3,1,6,6,6,6,5,5,5,1,1,4,1,4,5,5,2,1,1,4,3,5,4,4,5,3
2276,28,"vrouw",3,2,5,5,5,5,4,5,4,3,3,4,3,4,5,4,2,2,4,2,3,4,2,5,5,4
2277,23,"vrouw",2,5,3,6,6,,,6,5,5,1,5,5,5,6,6,1,5,3,5,2,5,3,4,4,4
2278,20,"vrouw",3,1,5,4,2,3,4,4,4,4,4,2,5,3,3,5,4,5,5,5,4,5,2,5,6,2
2279,35,"vrouw",5,2,2,4,6,4,4,4,4,2,2,4,6,3,2,3,1,3,3,2,2,5,3,2,5,4
2280,43,"vrouw",4,2,5,5,6,5,1,5,5,,2,1,2,5,5,5,1,4,4,2,5,4,3,4,3,2
2281,20,"man",3,2,5,6,5,6,3,2,2,5,5,2,2,6,5,5,1,2,6,3,4,6,6,4,5,6
2282,35,"vrouw",5,3,5,2,6,2,6,5,6,1,1,5,4,2,1,5,2,4,1,1,1,2,4,2,5,4
2283,21,"man",4,5,6,5,6,6,5,5,4,4,2,,2,6,6,5,5,2,6,4,2,5,5,4,4,2
2284,30,"man",,4,5,5,3,6,6,5,5,4,4,4,2,2,5,5,2,2,5,4,4,6,1,4,5,3
2285,30,"vrouw",3,2,4,4,5,4,2,2,2,5,5,5,5,2,5,3,5,5,6,6,2,4,5,3,4,4
2286,34,"man",3,5,4,4,4,3,6,5,5,4,2,5,3,4,2,5,5,5,2,2,1,6,1,5,6,1
2287,47,"vrouw",2,1,6,6,5,6,5,5,5,1,2,4,3,2,5,6,1,1,1,4,1,5,2,5,5,2
2288,58,"man",5,1,6,5,5,5,6,5,5,1,1,4,3,4,5,4,3,4,3,5,2,3,2,5,3,2
2289,29,"man",3,1,6,5,6,6,5,5,5,1,3,2,1,6,6,6,1,1,1,1,1,6,1,6,6,2
2290,47,"vrouw",3,1,6,6,5,6,3,3,6,1,1,2,6,5,2,5,1,1,1,5,1,4,2,4,4,1
2291,20,"vrouw",3,5,6,5,6,5,5,6,6,2,6,2,1,5,5,6,5,6,6,6,6,6,2,4,6,2
2292,21,"vrouw",1,1,5,5,5,4,5,6,5,1,5,1,1,5,5,6,4,5,5,4,4,4,2,5,5,2
2293,20,"man",1,3,4,5,6,5,2,6,5,2,1,5,4,3,5,4,1,2,1,2,1,5,5,4,4,2
2294,40,"man",3,2,6,6,6,3,4,5,5,1,2,4,4,1,4,4,2,2,1,1,1,5,4,5,5,1
2295,17,"vrouw",,1,5,4,6,5,5,5,2,2,5,3,2,4,5,4,4,5,5,3,1,5,1,5,6,2
2296,23,"man",3,1,6,6,6,6,5,5,5,1,2,1,1,6,6,6,4,5,4,1,2,6,1,6,6,2
2297,32,"vrouw",5,1,5,5,6,5,4,5,5,1,3,1,2,5,6,5,1,1,1,2,4,5,1,4,6,5
2298,18,"vrouw",1,1,6,6,6,6,6,5,4,1,1,2,6,6,5,4,1,2,4,4,6,5,1,4,5,2
2299,22,"man",3,3,5,5,5,5,4,5,5,3,3,6,3,5,5,4,2,2,1,2,2,2,5,5,5,1
2300,25,"vrouw",3,1,6,5,6,6,2,4,4,4,3,1,1,6,6,5,1,6,2,2,3,4,5,5,6,1
2301,26,"man",5,2,4,3,5,5,5,4,5,2,5,6,5,2,4,4,1,1,1,2,2,4,5,2,5,5
2302,29,"vrouw",3,1,5,6,5,6,5,5,5,2,6,3,6,6,6,5,2,2,3,2,1,6,2,3,6,5
2303,24,"vrouw",3,3,5,6,5,5,5,4,2,4,4,1,1,3,6,4,1,1,1,2,2,5,3,4,3,3
2304,46,"vrouw",3,1,6,6,5,6,5,6,4,2,4,2,1,6,5,6,2,4,2,2,3,5,5,6,6,3
2305,56,"vrouw",5,1,5,5,6,5,3,2,4,5,4,4,3,2,5,2,1,1,1,1,3,4,4,4,5,3
2306,39,"vrouw",2,5,6,6,5,5,4,3,5,3,6,3,3,3,2,6,1,2,1,2,1,5,1,5,4,1
2307,39,"man",5,2,5,4,5,3,6,5,4,2,4,3,2,4,5,5,2,4,2,3,1,6,1,5,5,1
2308,42,"vrouw",1,3,4,4,6,3,4,6,5,3,4,4,4,3,3,4,3,5,4,3,3,4,5,3,4,3
2309,32,"man",5,2,5,5,4,6,2,2,4,3,4,2,1,6,6,6,5,6,5,4,2,6,3,5,5,2
2310,19,"vrouw",3,5,5,5,5,4,5,4,5,3,2,2,5,4,5,3,2,3,5,2,3,5,4,4,5,3
2311,62,"vrouw",5,2,4,4,5,4,3,1,3,5,5,5,4,2,3,2,2,2,2,4,3,4,5,2,5,5
2312,36,"vrouw",4,1,5,4,6,4,1,6,6,1,3,6,6,2,2,2,4,4,5,3,4,2,5,1,4,5
2313,18,"man",1,1,6,6,6,5,6,6,5,2,2,6,6,5,1,5,2,2,6,4,2,6,1,6,6,1
2314,31,"vrouw",5,2,5,5,4,5,4,2,2,2,3,1,2,5,5,6,4,5,6,3,4,5,2,5,6,2
2315,24,"man",3,4,6,5,6,4,6,4,5,2,2,3,2,5,5,4,2,4,1,2,1,6,4,4,6,4
2316,20,"vrouw",1,3,6,5,5,5,5,4,3,1,1,6,3,6,5,5,4,4,3,2,1,5,2,6,2,2
2317,30,"man",4,3,4,4,2,6,5,3,5,5,5,2,5,4,5,5,3,3,5,5,2,6,2,4,5,5
2318,23,"vrouw",5,1,4,6,2,6,5,5,5,1,3,1,1,6,6,6,4,3,3,2,4,6,6,5,6,2
2319,23,"vrouw",2,1,4,4,5,4,4,3,2,2,4,2,3,5,5,4,4,4,2,2,2,4,1,3,3,2
2320,18,"vrouw",3,1,6,6,5,6,6,6,6,1,2,2,1,6,6,5,3,4,4,2,5,6,4,5,5,1
2321,27,"vrouw",5,4,4,4,4,4,4,5,4,2,2,4,5,3,2,5,2,4,3,3,3,4,1,4,5,2
2322,24,"vrouw",4,1,6,5,5,5,5,4,5,2,2,2,2,4,5,5,2,2,4,3,2,4,3,4,5,3
2323,19,"vrouw",3,1,5,5,6,5,5,4,4,2,5,1,3,4,3,3,2,4,5,5,3,5,3,4,5,2
2324,39,"vrouw",3,1,6,5,6,6,4,5,4,2,4,1,4,3,6,6,5,4,5,5,6,6,3,5,6,1
2325,51,"man",4,3,2,2,4,4,3,5,,2,5,3,6,,1,4,2,3,2,5,2,6,3,4,6,3
2326,16,"vrouw",,1,5,5,2,5,5,3,5,2,6,2,4,4,4,5,4,4,4,6,5,6,5,5,6,2
2327,16,"man",,2,5,5,4,5,5,4,4,3,4,4,3,5,4,4,1,1,1,2,2,4,4,4,5,5
2328,19,"vrouw",3,1,5,5,4,5,4,5,4,3,6,6,6,4,2,4,3,4,4,4,4,5,4,4,6,4
2329,17,"man",1,5,5,4,5,4,5,6,5,3,6,4,2,2,5,4,3,2,3,3,1,5,2,6,6,5
2330,28,"vrouw",5,1,4,5,4,5,3,5,4,,2,4,2,5,4,4,3,3,3,2,4,5,3,6,5,2
2331,36,"vrouw",4,3,2,2,1,5,2,1,1,4,3,5,5,5,2,4,2,4,4,5,3,4,1,5,6,1
2332,31,"vrouw",4,2,4,5,5,5,5,5,2,2,2,2,3,4,3,3,2,2,1,3,4,6,2,5,5,2
2333,36,"man",3,2,5,5,6,5,5,6,4,2,3,2,4,5,5,4,6,6,5,6,5,5,2,5,2,4
2334,31,"man",5,1,4,2,4,6,5,4,6,1,1,3,4,6,6,6,6,6,4,4,1,6,1,6,6,1
2335,19,"vrouw",4,1,6,6,1,6,,4,5,2,2,1,1,6,6,5,1,2,3,6,2,5,1,6,6,3
2336,35,"man",4,1,6,6,6,6,6,6,5,1,1,1,1,6,6,,1,1,1,1,1,5,3,6,3,2
2337,19,"man",3,4,1,2,4,2,5,5,4,1,2,5,5,4,1,3,6,6,6,5,6,5,1,6,6,6
2338,17,"vrouw",1,1,6,6,5,6,1,1,3,5,6,4,1,5,6,5,2,2,2,2,1,5,1,6,6,1
2339,19,"vrouw",3,2,5,5,6,4,6,6,6,1,2,4,4,5,4,6,4,4,4,5,4,4,2,4,6,2
2340,18,"vrouw",1,4,4,3,1,3,5,5,6,1,2,2,4,4,4,4,4,5,6,4,5,5,3,4,5,2
2341,14,"vrouw",1,2,5,6,4,4,4,4,4,3,5,5,5,3,3,3,5,5,5,6,5,2,5,3,6,4
2342,14,"vrouw",,5,2,1,1,4,4,2,3,5,6,5,4,4,5,3,6,5,5,6,1,5,6,2,6,4
2343,28,"vrouw",5,3,4,2,2,3,3,6,6,1,4,3,3,,5,6,5,5,5,4,5,6,4,4,4,4
2344,20,"vrouw",3,3,4,3,4,5,3,4,2,4,5,3,5,1,3,2,4,4,3,4,5,4,6,3,5,4
2345,20,"vrouw",3,4,4,4,5,4,4,4,5,4,2,5,4,4,4,4,4,4,4,4,5,4,4,4,4,4
2346,21,"man",2,4,6,4,2,5,5,4,5,2,5,,4,4,4,5,1,3,1,2,1,4,2,4,4,2
2347,30,"man",4,3,2,2,2,2,5,5,4,3,2,6,4,3,1,1,1,2,2,4,3,2,4,4,4,4
2348,37,"vrouw",5,1,6,5,5,5,5,2,1,1,6,2,4,5,4,3,1,2,4,5,2,6,1,5,6,1
2349,31,"man",4,2,4,4,2,2,5,5,6,2,4,4,4,2,5,1,6,6,6,6,5,6,1,5,6,1
2350,32,"vrouw",4,2,5,5,5,4,5,5,6,1,5,2,4,3,5,2,4,5,2,4,4,2,2,3,5,2
2351,19,"man",1,2,5,5,5,6,4,3,3,4,4,3,2,6,6,5,2,2,2,2,2,6,2,5,6,2
2352,42,"man",3,4,4,3,6,5,4,5,4,1,3,2,3,4,4,5,4,4,4,4,3,4,3,2,4,4
2353,24,"vrouw",4,1,5,6,6,6,5,5,5,1,5,2,4,6,5,4,4,5,4,3,5,6,4,5,6,3
2354,27,"vrouw",5,1,6,6,6,6,5,5,5,2,4,5,4,5,2,4,2,2,1,1,1,4,2,4,6,2
2355,21,"man",3,1,5,4,6,4,6,5,5,3,4,5,5,2,4,3,1,1,4,4,2,5,2,5,6,2
2356,48,"man",2,4,2,1,1,2,6,5,6,2,4,6,6,1,1,3,2,4,2,1,3,1,2,1,4,2
2357,21,"man",3,2,5,4,6,2,5,2,4,2,3,3,5,4,4,4,2,4,2,2,1,6,2,6,6,1
2358,31,"vrouw",2,1,5,5,1,2,5,4,3,2,5,2,5,4,2,4,6,6,2,2,2,6,1,4,6,2
2359,22,"vrouw",4,1,6,6,3,6,6,5,6,2,2,4,2,6,6,6,1,3,1,4,4,6,2,6,6,1
2360,23,"vrouw",3,4,4,4,5,5,5,5,3,4,3,3,2,4,6,4,5,3,3,3,4,4,4,4,3,4
2361,23,"vrouw",5,2,4,3,6,5,5,6,5,1,2,2,2,2,6,1,3,4,4,4,5,3,5,4,4,5
2362,35,"vrouw",5,1,6,5,5,4,5,5,5,2,4,2,3,5,2,6,3,3,3,3,2,6,1,6,6,1
2363,21,"vrouw",3,1,6,4,4,2,5,6,3,3,5,1,1,6,5,6,4,5,2,3,1,6,1,6,6,1
2364,22,"vrouw",3,1,4,4,4,5,2,1,3,6,5,2,2,5,5,5,5,4,6,4,4,5,3,5,6,5
2365,28,"man",5,2,5,5,5,5,3,4,5,4,4,4,6,3,3,4,2,3,3,4,3,4,3,4,5,2
2366,20,"vrouw",3,2,5,5,5,4,5,5,5,3,5,2,4,4,4,5,4,4,2,3,5,4,5,3,5,5
2367,51,"vrouw",4,4,4,2,4,6,5,4,4,3,4,2,4,5,3,5,1,1,1,2,2,5,1,5,4,2
2368,19,"vrouw",2,3,3,4,2,4,5,4,5,5,6,1,3,4,3,5,5,5,5,4,5,4,3,6,5,3
2369,24,"vrouw",4,4,2,6,6,2,6,6,1,3,1,2,1,5,6,1,4,3,4,1,2,5,2,4,5,3
2370,45,"vrouw",5,1,6,6,5,5,5,6,5,1,1,1,2,5,3,6,2,2,2,2,4,6,1,6,5,1
2371,21,"vrouw",1,3,5,4,5,5,6,5,6,5,1,5,,5,4,3,1,1,1,1,1,4,2,4,3,5
2372,26,"man",3,2,4,5,5,4,5,5,5,2,2,4,4,4,5,5,1,2,1,3,1,5,4,5,5,2
2373,22,"man",2,5,4,3,4,5,3,3,2,3,5,3,3,4,4,5,3,2,3,5,3,4,2,3,4,2
2374,50,"vrouw",4,1,5,4,5,2,2,5,2,1,4,4,6,4,3,1,3,1,4,6,6,2,4,2,5,2
2375,36,"vrouw",5,1,5,5,5,6,6,4,5,2,5,1,2,4,5,4,3,4,2,4,2,5,2,6,6,2
2376,50,"man",4,4,4,4,4,4,6,5,2,4,6,6,6,1,1,2,5,5,6,6,5,5,1,5,6,1
2377,22,"man",2,1,6,5,4,5,4,6,5,4,5,4,5,5,4,4,5,5,4,4,5,6,1,5,6,2
2378,23,"vrouw",4,2,1,1,1,2,4,1,6,2,4,5,6,1,1,2,3,2,1,5,2,2,5,5,4,2
2379,15,"vrouw",1,1,5,5,5,4,1,1,1,1,4,2,4,3,5,4,2,4,4,1,1,5,2,4,3,1
2380,15,"vrouw",,1,5,4,2,2,3,1,5,4,6,6,6,1,1,2,5,5,6,5,6,3,2,4,6,4
2381,21,"man",3,3,2,2,2,3,5,6,2,2,4,6,6,2,2,2,2,2,2,6,3,4,1,4,6,1
2382,23,"vrouw",3,5,5,5,6,5,5,6,5,4,3,4,4,5,5,4,4,4,5,5,4,5,4,5,5,3
2383,35,"vrouw",5,1,6,5,5,6,4,2,4,4,4,2,2,5,6,3,1,1,1,1,1,5,5,4,5,4
2384,33,"vrouw",5,2,6,5,4,5,5,4,5,5,2,4,1,2,4,5,2,2,2,1,1,4,3,5,6,4
2385,27,"vrouw",,1,5,5,2,6,6,5,4,2,6,5,5,1,5,4,1,4,5,6,6,5,2,4,6,2
2386,29,"man",2,1,6,6,4,6,6,6,5,1,3,1,1,6,6,6,1,1,1,1,1,6,1,6,6,1
2387,21,"man",3,4,5,4,6,5,6,6,4,1,2,3,2,5,4,4,1,2,4,3,4,5,1,4,5,2
2388,31,"man",3,1,4,5,5,4,3,5,2,4,2,5,4,4,2,2,3,4,5,4,5,5,4,5,4,3
2389,21,"man",3,2,4,5,2,5,5,5,4,1,3,1,2,5,5,6,3,5,2,1,1,5,1,5,4,2
2390,26,"man",5,5,2,3,3,2,6,4,6,2,3,4,5,4,3,5,5,1,2,2,1,5,1,6,6,1
2391,20,"vrouw",3,1,6,6,6,6,6,6,5,1,2,1,3,5,6,6,3,3,5,2,5,5,3,4,5,4
2392,56,"vrouw",5,3,5,3,5,5,2,3,5,3,5,2,1,5,2,5,5,6,4,2,2,6,3,5,3,5
2393,3,"man",5,2,5,5,4,5,5,3,5,2,4,2,5,5,6,4,4,3,4,4,4,5,4,5,5,2
2394,65,"man",2,5,4,2,6,4,5,6,4,2,5,1,6,4,5,4,5,5,4,4,4,6,4,4,5,5
2395,34,"vrouw",3,2,4,3,4,4,5,5,5,2,3,4,5,6,5,5,3,3,4,4,4,5,2,5,5,1
2396,29,"vrouw",4,1,6,5,3,5,5,5,6,3,2,4,5,3,4,4,3,3,4,4,4,4,1,4,5,3
2397,21,"vrouw",4,4,4,5,4,5,4,4,4,3,2,2,2,4,4,4,5,5,6,4,5,4,4,4,4,4
2398,32,"vrouw",2,3,5,4,,6,4,5,5,1,2,2,1,5,6,5,3,4,3,5,4,5,4,5,3,4
2399,27,"man",4,2,2,1,2,3,3,3,2,3,4,4,6,3,2,2,1,4,3,6,1,6,1,2,6,1
2400,45,"vrouw",4,1,5,5,6,6,6,5,6,1,1,4,1,6,6,5,3,4,1,1,1,6,4,6,5,1
2401,17,"man",,2,4,4,3,4,4,4,4,3,2,5,5,3,3,3,2,2,3,4,3,6,2,4,5,2
2402,20,"vrouw",3,3,5,5,6,5,5,5,5,2,2,1,4,4,5,5,3,4,5,2,5,5,3,5,5,2
2403,20,"vrouw",2,1,5,4,5,6,6,6,4,1,2,1,2,4,5,4,1,2,1,2,6,4,1,5,6,2
2404,43,"man",4,4,4,5,6,5,6,5,6,1,4,6,6,1,2,1,1,2,1,5,4,5,1,4,6,4
2405,26,"vrouw",5,2,5,6,4,5,5,6,5,1,1,4,2,2,5,6,2,4,2,2,2,5,2,3,5,1
2406,55,"man",4,1,5,5,5,5,6,5,6,1,2,2,4,2,5,5,1,2,1,1,1,5,1,4,4,5
2407,38,"vrouw",5,1,6,6,6,6,6,5,6,2,5,5,1,6,6,6,2,5,4,2,2,6,1,5,6,1
2408,19,"vrouw",1,2,6,4,4,4,4,6,3,1,3,6,5,4,4,3,2,4,6,4,6,3,5,2,6,1
2409,22,"man",3,2,5,6,5,5,,6,5,4,4,2,2,6,5,5,2,2,2,5,4,5,5,5,2,4
2410,21,"vrouw",3,1,6,5,2,5,5,2,4,2,2,4,2,3,5,5,1,4,2,1,1,5,3,5,3,4
2411,40,"vrouw",5,1,6,6,5,6,5,5,2,2,6,1,1,5,6,5,4,5,4,5,1,5,3,6,6,1
2412,19,"vrouw",4,2,4,4,6,3,,6,4,2,2,1,1,4,5,2,1,2,2,5,2,2,5,2,3,2
2413,23,"man",3,3,3,4,4,5,4,5,5,2,1,5,3,5,5,3,4,4,3,2,4,4,5,4,5,4
2414,18,"man",1,6,6,6,6,6,3,6,6,1,1,6,1,6,6,4,6,6,6,6,6,6,1,6,6,1
2415,32,"man",3,2,5,5,5,5,5,3,4,2,3,2,2,4,4,5,2,2,1,1,2,5,2,5,2,2
2416,49,"man",1,1,6,6,5,3,5,4,5,2,5,2,4,5,1,5,2,2,3,3,3,6,1,6,5,1
2417,42,"vrouw",3,1,5,5,6,6,5,5,5,1,2,1,1,5,6,5,1,1,1,1,2,5,1,5,4,2
2418,31,"vrouw",,1,5,6,5,6,1,1,2,6,6,2,4,5,3,5,2,4,5,5,1,6,1,5,4,1
2419,23,"vrouw",3,4,5,5,5,5,5,6,5,5,5,1,3,5,6,4,6,4,5,3,6,4,5,5,5,5
2420,30,"vrouw",5,1,6,6,5,4,6,5,5,2,1,5,5,4,2,5,4,4,4,2,1,6,1,6,6,2
2421,24,"vrouw",1,3,4,4,5,4,5,4,4,2,2,3,2,3,5,5,3,3,4,2,4,3,3,3,4,3
2422,26,"man",5,5,1,4,3,4,3,5,3,3,4,6,4,2,2,2,1,1,4,4,1,5,1,2,5,3
2423,21,"man",3,4,6,5,5,5,3,4,2,4,4,2,4,5,6,5,2,2,2,1,3,6,4,5,6,3
2424,21,"vrouw",3,6,6,5,1,6,6,6,4,3,6,1,5,5,,6,4,1,3,1,6,5,6,6,6,2
2425,23,"man",5,1,5,5,6,5,3,2,4,3,6,4,2,4,4,4,2,2,2,3,1,4,2,6,6,1
2426,61,"vrouw",2,1,6,6,6,6,6,6,6,1,1,2,1,5,6,5,1,1,1,1,1,5,4,1,4,1
2427,15,"man",,4,5,2,6,4,3,4,4,2,2,2,1,3,4,6,4,3,2,2,3,6,1,5,3,1
2428,28,"man",4,2,6,5,6,5,3,4,4,4,4,1,2,6,6,5,3,2,2,4,4,6,4,4,6,1
2429,25,"man",3,5,2,3,2,4,6,5,4,2,4,6,5,2,3,5,6,6,4,2,1,6,5,4,6,2
2430,34,"man",5,2,6,5,6,5,5,5,5,1,2,1,1,5,5,5,1,4,3,2,1,5,1,5,6,1
2431,21,"vrouw",2,3,4,4,3,5,5,5,4,3,4,4,5,3,5,4,4,3,4,4,3,5,4,5,4,4
2432,41,"man",,3,4,4,4,4,4,3,3,2,6,1,4,3,5,6,6,6,5,5,1,5,4,5,4,6
2433,23,"vrouw",5,4,3,3,2,3,2,4,1,6,6,3,5,3,4,3,1,4,5,4,3,5,6,5,6,6
2434,52,"man",,2,5,4,6,4,1,6,2,1,4,,4,5,4,5,4,4,4,2,1,5,1,6,5,6
2435,20,"man",3,1,5,6,5,3,3,3,5,2,4,6,4,1,5,2,1,4,2,1,1,5,6,1,4,3
2436,19,"vrouw",3,1,4,3,5,3,5,4,4,1,1,5,4,2,5,2,1,2,1,1,2,3,1,5,5,5
2437,36,"vrouw",3,1,4,6,4,6,1,3,1,4,5,1,1,5,6,4,1,1,1,1,1,6,1,6,6,1
2438,18,"vrouw",3,1,5,5,6,6,6,6,3,1,4,3,1,6,4,5,1,2,1,1,2,4,3,5,3,6
2439,19,"vrouw",3,4,6,4,5,5,5,4,3,2,6,5,4,1,4,1,1,2,2,3,2,2,6,2,4,3
2440,22,"vrouw",3,4,4,6,2,6,4,2,1,4,6,1,2,3,5,5,6,4,5,3,6,2,6,5,5,3
2441,19,"vrouw",3,1,6,6,6,5,4,4,5,2,4,2,2,4,4,5,1,4,1,1,4,6,1,6,6,3
2442,24,"vrouw",3,5,5,6,2,5,4,4,5,6,2,4,1,6,5,4,2,2,5,5,1,5,4,4,5,2
2443,18,"vrouw",3,2,6,6,6,5,4,5,5,1,4,1,2,5,4,6,5,5,3,4,5,6,1,6,6,2
2444,22,"man",3,4,6,5,5,6,5,6,5,3,2,1,2,5,6,5,4,2,3,3,6,6,5,5,4,5
2445,27,"man",2,1,6,5,6,4,2,3,4,5,6,2,5,5,3,5,6,6,6,6,2,6,2,6,6,1
2446,12,"man",,4,5,5,4,2,2,2,4,3,1,5,5,2,6,3,6,4,3,4,4,5,1,3,1,2
2447,13,"man",,3,3,4,4,3,3,3,3,2,4,1,4,3,4,4,3,3,3,2,3,4,4,4,4,4
2448,12,"man",,3,3,5,6,5,5,2,5,6,4,2,2,1,6,5,1,1,4,2,1,5,2,5,1,3
2449,12,"man",,4,5,5,5,5,5,6,5,1,1,1,4,5,5,6,1,1,2,2,3,6,4,5,6,2
2450,11,"vrouw",,1,6,6,6,5,2,5,5,5,2,1,1,5,6,3,2,2,4,2,5,5,1,5,5,2
2451,12,"vrouw",,5,2,2,5,4,5,6,1,3,1,2,1,4,6,5,6,6,6,1,4,5,5,6,5,2
2452,12,"man",,1,2,3,5,1,5,6,5,4,3,2,1,1,4,4,4,3,4,5,1,4,2,4,1,4
2453,12,"vrouw",,4,5,4,6,4,4,5,4,3,3,5,4,3,5,2,5,3,3,2,4,4,2,3,4,3
2454,12,"vrouw",,4,3,6,6,6,6,5,5,3,3,3,5,4,6,1,1,3,4,1,3,4,4,5,5,1
2455,12,"vrouw",,4,5,1,5,4,5,6,6,2,1,2,1,4,6,6,6,6,6,5,4,6,3,6,5,2
2456,12,"vrouw",,3,3,4,5,4,2,4,4,4,2,5,3,3,3,3,2,2,2,3,3,2,5,3,3,5
2457,14,"vrouw",,4,5,5,6,4,6,6,4,4,2,1,5,1,5,6,6,6,6,3,1,6,5,5,5,1
2458,20,"man",3,3,3,5,5,5,5,4,3,2,2,2,2,4,4,5,2,3,3,2,2,4,2,5,3,3
2459,23,"man",3,5,4,1,1,1,6,6,5,1,1,6,1,5,3,6,6,6,4,6,1,6,1,5,6,2
2460,28,"vrouw",3,,2,2,5,2,5,2,5,4,5,1,1,5,4,6,6,6,5,2,6,6,2,5,5,1
2461,20,"man",3,2,5,2,6,3,4,5,3,1,4,1,3,2,5,5,4,4,3,4,2,5,2,4,2,2
2462,17,"man",,6,4,4,1,6,4,2,3,3,4,2,4,3,3,1,3,2,3,6,5,5,4,4,1,2
2463,16,"vrouw",,5,2,2,6,2,5,4,5,2,4,5,6,2,1,3,5,6,6,5,5,5,1,3,4,2
2464,16,"vrouw",,5,5,6,6,4,6,4,1,3,2,1,5,4,5,4,4,5,4,6,4,3,1,4,6,3
2465,17,"vrouw",,1,1,1,2,1,1,1,4,5,5,6,6,1,4,1,6,6,6,6,4,3,6,1,6,6
2466,18,"man",,3,3,2,2,6,6,,3,1,1,5,1,1,6,6,3,2,4,2,4,3,1,2,3,5
2467,17,"vrouw",,1,4,5,2,4,3,3,3,5,6,4,5,4,5,,3,5,6,4,3,3,2,4,5,3
2468,12,"vrouw",,3,3,5,5,4,5,4,5,4,2,4,5,3,4,4,4,4,5,3,4,4,4,5,4,4
2469,12,"man",,5,2,1,2,2,3,2,5,6,6,1,2,4,6,5,5,5,2,1,2,5,6,5,4,2
2470,12,"vrouw",,5,3,4,6,2,6,6,5,3,3,3,4,4,6,3,4,3,5,3,4,5,5,6,4,3
2471,12,"man",,4,6,5,6,5,6,6,,3,4,1,1,2,6,6,6,6,1,1,2,6,4,2,4,5
2472,12,"man",,3,2,3,1,3,4,2,5,4,4,1,4,6,5,5,2,2,2,1,2,5,6,1,2,3
2473,13,"man",,2,5,4,3,3,2,3,4,4,4,5,5,3,,3,4,2,4,5,3,4,2,3,4,4
2474,24,"vrouw",4,1,5,5,5,4,5,4,6,2,4,2,3,4,4,5,2,4,5,3,4,4,2,4,5,2
2475,22,"man",5,1,,6,6,6,6,6,6,1,1,4,1,6,6,6,1,4,1,1,1,6,1,6,5,5
2476,19,"vrouw",1,2,3,4,3,3,3,5,2,3,5,5,6,2,1,2,2,4,2,5,3,4,3,4,6,4
2477,44,"man",3,3,5,5,6,2,6,5,3,1,4,2,5,4,1,5,6,6,5,6,2,6,2,5,6,1
2478,29,"man",5,5,5,3,2,5,1,1,4,5,6,6,5,4,3,1,1,1,4,3,4,2,2,5,6,2
2479,23,"vrouw",4,1,5,5,2,5,1,1,2,5,6,1,6,4,1,5,6,5,4,5,3,4,3,5,6,1
2480,25,"man",3,5,4,5,2,4,4,4,6,3,3,5,3,3,5,5,3,4,2,1,1,5,2,4,4,2
2481,57,"vrouw",3,6,6,5,6,6,5,5,4,1,1,3,1,4,6,5,1,1,2,1,2,5,2,4,6,2
2482,19,"vrouw",3,4,6,5,6,4,6,5,5,2,6,6,4,4,3,5,1,4,5,3,3,6,2,2,6,3
2483,26,"vrouw",4,2,5,5,5,4,5,5,5,2,2,1,4,4,4,5,5,5,2,4,4,4,5,4,5,5
2484,19,"vrouw",3,5,3,5,3,3,6,5,2,5,5,6,4,3,4,5,4,5,1,1,2,5,2,5,4,2
2485,34,"man",4,4,2,2,4,3,6,6,5,2,4,5,5,2,1,3,1,1,1,5,1,5,2,3,6,1
2486,19,"vrouw",3,2,6,4,5,4,4,5,2,2,6,4,5,5,3,1,1,4,3,2,4,4,4,2,6,1
2487,38,"man",3,4,2,4,4,4,4,3,3,3,3,2,2,5,4,4,3,3,2,2,1,4,3,3,4,4
2488,20,"vrouw",3,2,5,5,5,4,4,4,4,2,2,2,2,5,5,5,4,2,3,4,3,5,4,4,4,2
2489,22,"man",2,4,6,5,5,4,4,4,3,4,4,2,1,4,5,4,4,3,3,1,2,5,4,3,3,2
2490,25,"vrouw",3,6,5,5,6,5,5,5,6,1,1,5,3,5,6,5,2,6,5,3,2,5,6,4,6,4
2491,33,"man",5,2,5,4,6,2,2,6,3,4,5,5,6,3,2,2,3,3,3,1,6,5,2,6,6,1
2492,38,"vrouw",3,5,6,6,6,6,6,6,6,1,1,2,1,6,6,6,1,1,2,1,1,6,1,3,1,1
2493,19,"vrouw",5,2,5,6,6,5,4,5,4,4,5,2,2,4,6,6,4,4,6,4,5,3,4,5,5,3
2494,35,"vrouw",5,2,5,6,4,6,6,5,4,2,5,4,5,4,5,4,1,4,6,4,4,6,2,4,6,1
2495,12,"man",,1,1,2,2,1,4,2,1,2,2,1,2,1,5,2,2,2,1,2,1,3,1,2,1,1
2496,12,"man",,1,5,5,5,4,4,5,6,1,2,1,1,4,5,2,5,5,4,2,1,5,1,4,1,1
2497,12,"man",,3,3,3,2,2,4,3,4,3,4,2,4,3,4,3,3,4,4,4,3,4,4,3,4,3
2498,12,"vrouw",,1,5,6,6,5,4,3,6,4,1,5,2,3,4,5,5,5,1,4,1,6,1,3,4,4
2499,40,"man",5,2,5,2,4,3,5,5,5,2,4,4,4,3,5,5,2,4,1,2,2,3,2,4,3,2
2500,12,"vrouw",,3,3,4,2,5,3,4,4,3,4,4,2,3,6,5,5,4,4,5,1,4,4,4,3,4
2501,12,"vrouw",,4,3,1,3,3,2,3,4,5,2,1,1,2,6,3,1,3,3,1,1,1,3,2,3,3
2502,12,"vrouw",,4,5,6,6,6,3,4,5,6,6,4,5,5,5,5,5,6,5,5,5,6,2,6,6,5
2503,12,"vrouw",,3,3,5,6,5,6,5,5,1,1,1,1,3,4,5,1,1,1,1,6,5,1,4,3,3
2504,42,"vrouw",4,1,6,6,5,6,4,4,5,2,2,2,2,5,5,5,1,1,2,1,2,5,1,5,3,4
2505,27,"man",5,1,5,6,6,5,4,5,2,4,6,1,1,5,6,6,4,5,1,4,2,5,1,6,4,2
2506,31,"man",4,2,5,4,4,3,5,3,5,2,2,5,4,4,4,4,2,3,2,2,2,3,2,3,4,3
2507,44,"man",5,1,6,4,5,5,3,2,4,2,4,2,4,4,4,4,4,5,5,4,2,6,2,5,6,1
2508,37,"man",2,6,3,2,3,5,5,5,3,1,1,2,5,5,4,5,5,6,6,5,3,6,2,4,2,2
2509,33,"man",2,2,1,6,6,6,6,6,4,1,2,1,5,6,6,6,1,1,1,1,1,6,1,6,6,6
2510,26,"man",3,6,6,6,6,6,6,6,1,1,1,6,6,6,1,6,1,1,1,1,6,6,5,6,6,1
2511,33,"vrouw",3,1,6,5,6,6,5,4,5,2,4,1,2,4,4,5,3,4,4,2,3,5,2,6,5,1
2512,26,"man",3,4,5,6,5,5,4,4,4,4,5,1,2,4,6,5,5,3,4,4,2,5,4,4,5,3
2513,46,"man",4,2,6,5,5,6,6,6,5,1,1,2,1,6,6,6,2,2,3,2,1,6,1,5,4,1
2514,19,"vrouw",4,1,6,6,6,6,5,5,6,3,1,5,2,5,6,5,3,3,4,2,4,5,2,6,5,4
2515,22,"vrouw",3,2,6,5,5,5,6,4,4,3,3,2,5,3,5,5,4,5,4,4,6,6,2,5,5,4
2516,16,"man",,5,5,4,5,4,3,4,5,3,3,2,2,3,4,4,2,2,2,1,2,4,5,4,3,3
2517,28,"man",2,5,2,3,2,2,2,1,1,6,6,5,6,4,1,2,3,3,2,3,1,5,3,5,6,3
2518,29,"vrouw",4,1,6,6,6,6,3,5,5,3,3,1,1,6,6,6,4,5,6,5,6,5,4,5,6,3
2519,31,"vrouw",5,3,4,5,6,4,4,4,4,3,4,4,4,3,4,5,4,4,5,5,3,5,3,4,5,3
2520,18,"vrouw",3,4,5,5,6,4,3,4,4,4,5,3,4,4,4,4,4,4,5,4,4,5,4,3,5,4
2521,29,"vrouw",3,1,6,6,5,2,6,6,2,1,4,4,5,2,4,4,6,6,3,3,6,4,1,5,3,1
2522,20,"man",2,3,4,4,6,5,5,5,5,1,1,4,3,4,6,3,2,3,4,3,4,4,3,4,3,3
2523,22,"man",2,4,3,4,4,3,4,4,4,2,3,5,2,4,4,3,2,4,3,4,2,4,5,4,2,4
2524,45,"man",5,2,6,6,5,6,2,3,4,2,5,1,1,5,5,5,2,4,3,3,1,6,1,4,4,2
2525,19,"man",1,4,4,4,3,4,5,6,5,4,4,3,4,3,3,4,2,2,3,3,3,4,3,3,3,3
2526,39,"man",3,1,6,6,6,6,6,6,6,1,1,1,1,6,6,6,1,1,3,2,1,6,1,6,6,1
2527,21,"man",3,2,1,3,1,3,2,2,4,5,3,4,4,2,2,2,4,3,2,3,3,5,1,4,6,2
2528,46,"man",5,2,2,5,5,4,5,5,5,4,5,4,6,5,1,2,3,4,3,6,4,6,1,5,6,6
2529,17,"vrouw",,2,6,5,3,5,5,4,5,3,2,1,1,5,6,6,4,4,3,1,3,6,3,4,5,3
2530,34,"vrouw",4,3,6,6,5,6,5,6,6,1,3,1,1,6,6,6,6,4,5,4,2,5,1,6,5,2
2531,24,"vrouw",1,2,5,4,6,5,4,5,4,2,2,3,3,4,5,5,3,4,4,3,4,3,3,3,3,2
2532,20,"vrouw",3,1,6,6,5,5,4,5,5,2,4,3,2,4,5,4,1,2,2,4,2,5,4,4,5,2
2533,43,"man",5,2,5,5,5,5,6,6,5,1,2,2,2,4,5,5,2,2,3,2,2,5,1,5,5,2
2534,38,"vrouw",2,1,6,6,6,5,5,4,5,2,1,1,1,4,6,4,2,2,2,1,1,6,2,5,5,5
2535,51,"vrouw",4,2,6,5,5,5,4,4,6,1,1,2,2,4,5,4,1,1,1,1,2,4,2,3,4,4
2536,20,"vrouw",2,2,2,1,3,3,3,1,1,6,5,5,6,1,1,1,3,4,2,6,5,3,1,6,6,4
2537,27,"vrouw",4,5,1,2,1,2,5,5,1,5,5,6,6,1,1,2,3,3,1,3,2,6,2,4,6,1
2538,23,"vrouw",5,2,5,5,5,5,3,6,3,2,6,3,6,4,3,3,1,2,3,3,5,3,2,4,6,2
2539,57,"man",5,1,5,5,,5,2,4,,4,4,1,1,5,5,6,3,4,2,4,1,6,1,6,1,1
2540,27,"vrouw",5,3,6,6,3,2,5,6,6,1,4,6,5,5,1,6,5,6,6,6,1,6,1,6,6,1
2541,25,"man",3,1,6,6,2,6,6,5,6,1,2,4,1,6,6,5,1,1,1,1,1,6,1,5,6,1
2542,23,"man",3,5,4,4,1,6,6,5,6,1,2,6,5,1,5,2,4,5,1,4,1,1,3,3,6,4
2543,38,"vrouw",3,4,2,5,5,2,5,2,4,2,5,4,2,1,2,2,4,4,5,6,2,6,1,5,6,2
2544,18,"vrouw",3,2,4,3,5,4,6,4,6,2,5,1,2,3,5,5,3,5,5,5,5,6,2,4,6,4
2545,25,"man",4,2,5,5,5,6,3,2,4,4,1,1,1,6,6,5,2,4,3,1,3,6,2,6,6,1
2546,19,"vrouw",3,1,4,5,5,2,6,6,2,4,4,5,6,4,1,1,4,5,2,5,4,5,2,5,6,1
2547,27,"man",2,1,6,6,6,6,6,6,6,1,1,1,1,6,6,6,1,1,1,1,1,6,3,6,6,1
2548,25,"vrouw",5,3,5,2,6,5,5,6,4,2,2,6,6,4,2,6,2,1,3,5,1,6,2,2,6,1
2549,22,"vrouw",3,1,5,5,6,6,6,6,6,1,2,4,2,5,6,4,2,2,5,2,5,5,2,5,4,2
2550,22,"vrouw",3,4,4,6,6,6,5,5,6,5,4,1,3,6,6,2,4,4,4,6,4,6,2,5,5,4
2551,15,"vrouw",,2,4,3,3,2,5,4,3,2,6,5,5,2,2,5,5,5,4,5,6,4,5,3,6,5
2552,15,"man",,2,4,5,4,4,4,4,4,3,4,4,3,4,5,5,2,3,4,4,2,5,3,5,6,2
2553,48,"vrouw",3,2,5,5,6,4,5,3,5,3,2,4,3,4,4,5,2,2,3,3,3,4,3,4,5,3
2554,28,"vrouw",4,1,6,4,4,6,2,1,4,6,4,2,1,5,5,5,1,1,1,1,2,5,2,5,3,3
2555,20,"man",3,3,5,5,4,4,5,4,4,1,3,2,4,4,5,5,4,4,3,3,3,5,1,4,6,2
2556,54,"man",2,2,4,5,5,5,5,4,5,2,2,2,2,5,5,1,1,1,1,1,1,5,3,5,2,3
2557,22,"man",3,1,5,4,5,1,4,5,6,4,5,6,6,3,5,4,1,1,2,5,2,4,3,4,5,5
2558,23,"vrouw",1,6,4,4,6,6,6,5,4,3,4,3,5,4,5,2,3,6,5,4,4,3,3,4,6,4
2559,16,"vrouw",,4,5,5,6,5,3,5,5,2,5,5,6,5,2,2,5,5,5,3,2,6,1,5,6,2
2560,32,"vrouw",2,4,4,4,6,4,5,5,4,5,5,2,3,3,4,2,4,5,5,6,6,6,4,5,6,5
2561,22,"vrouw",3,4,5,5,6,5,4,5,5,3,1,1,5,4,6,5,5,3,4,2,5,4,3,4,2,4
2562,23,"vrouw",3,1,5,5,5,5,3,3,4,4,4,2,6,3,2,2,5,4,2,5,5,3,4,4,4,2
2563,40,"vrouw",5,1,5,5,6,4,6,5,5,1,1,3,2,5,5,6,2,4,3,4,2,5,1,5,4,2
2564,22,"vrouw",2,3,2,1,2,2,2,2,4,5,5,2,4,4,2,5,3,3,3,3,3,3,1,4,4,1
2565,56,"vrouw",3,1,5,6,6,5,5,4,2,5,6,4,4,4,5,5,6,6,6,5,6,4,2,5,5,2
2566,43,"man",1,3,4,4,3,4,6,6,6,1,3,5,4,4,2,5,4,5,3,6,2,6,1,5,4,1
2567,28,"man",4,3,4,4,5,5,6,6,3,1,1,1,1,5,4,6,3,4,3,2,5,6,1,5,4,1
2568,17,"vrouw",1,1,5,5,6,4,1,3,2,5,6,1,4,3,4,4,4,4,4,4,2,6,5,6,6,1
2569,43,"man",5,2,3,2,5,4,5,5,5,2,5,5,5,4,2,4,4,5,5,2,4,5,2,4,6,1
2570,19,"man",3,1,6,5,2,5,4,4,5,3,5,3,2,6,5,6,2,2,3,4,2,5,3,5,6,2
2571,25,"vrouw",5,4,5,6,4,5,6,6,6,2,1,4,3,6,4,3,2,3,2,3,3,6,2,6,6,2
2572,22,"man",3,1,5,4,5,4,5,5,5,2,5,4,6,4,5,3,1,2,2,3,2,4,5,4,6,4
2573,39,"vrouw",2,2,4,3,4,5,5,1,2,6,4,2,2,5,5,5,5,5,6,6,5,5,6,5,6,1
2574,38,"man",3,3,3,2,1,2,5,3,5,3,5,6,5,2,2,3,5,5,5,5,2,2,2,2,6,4
2575,16,"vrouw",,4,4,5,5,4,4,5,5,2,4,5,5,5,3,6,5,5,5,6,6,6,1,5,6,2
2576,36,"man",5,6,3,3,3,3,5,4,4,3,2,4,2,3,5,2,3,3,4,5,5,6,2,4,3,3
2577,38,"vrouw",2,5,6,5,5,6,5,4,4,3,2,4,3,4,6,5,6,5,5,6,1,5,1,3,4,4
2578,18,"vrouw",3,2,3,4,2,5,4,6,3,4,5,3,3,5,6,4,2,2,6,5,4,6,3,5,6,1
2579,47,"vrouw",4,2,4,4,6,5,4,3,4,2,3,3,5,2,4,2,2,3,3,4,2,3,2,3,5,3
2580,40,"vrouw",1,3,2,5,5,3,6,6,2,3,3,5,1,4,4,6,2,2,2,1,3,6,1,4,5,1
2581,21,"man",3,2,4,4,6,4,5,4,5,2,2,3,2,2,4,4,3,2,1,1,1,5,3,5,3,2
2582,16,"vrouw",,1,5,4,2,5,3,3,5,2,2,5,2,2,5,5,2,4,1,2,2,5,2,2,5,2
2583,25,"vrouw",3,1,6,5,5,5,5,5,6,3,4,3,4,5,5,4,4,5,5,2,6,5,3,3,5,3
2584,17,"man",1,6,5,2,4,5,6,4,2,5,6,4,2,5,4,2,1,1,1,5,1,6,1,5,4,1
2585,52,"vrouw",4,3,6,5,6,5,6,5,5,1,4,1,1,6,6,6,4,6,5,5,1,6,1,6,6,1
2586,28,"man",5,1,6,6,5,6,5,5,3,2,4,1,5,4,4,2,1,1,1,4,2,6,1,6,6,1
2587,26,"vrouw",5,1,6,6,6,6,6,6,6,2,1,4,3,6,6,6,2,6,4,5,5,6,1,6,6,1
2588,26,"man",3,3,2,3,3,1,3,3,1,3,4,6,6,1,2,1,1,4,4,6,2,5,2,5,5,2
2589,17,"man",,6,5,5,4,4,5,4,4,3,5,6,4,3,1,4,6,6,1,1,1,1,2,1,5,1
2590,22,"vrouw",3,6,5,6,6,6,6,6,6,6,6,6,4,6,4,6,6,6,6,6,6,5,6,5,6,6
2591,17,"man",1,1,6,3,1,4,4,4,4,2,5,1,5,2,1,5,3,4,3,4,4,4,2,4,4,2
2592,23,"man",4,2,5,5,5,5,4,5,5,2,2,4,2,4,4,5,4,4,2,4,2,5,2,5,4,2
2593,35,"man",4,2,5,5,6,3,4,3,3,4,2,1,4,4,5,6,2,3,1,2,2,6,1,6,6,2
2594,29,"man",3,6,1,2,2,2,3,6,1,5,6,6,6,1,5,5,2,2,2,3,1,3,5,6,5,2
2595,33,"vrouw",4,2,5,5,5,5,5,3,4,2,3,4,3,5,5,5,2,2,4,5,3,4,4,4,4,3
2596,21,"man",3,2,2,5,6,6,6,5,5,1,5,5,6,2,5,2,1,1,1,1,1,3,2,4,5,5
2597,42,"vrouw",2,2,5,5,4,6,6,5,5,1,1,5,1,1,3,6,4,5,3,2,1,5,2,1,4,2
2598,31,"vrouw",4,2,4,4,5,4,4,4,3,3,4,3,3,4,5,5,5,5,4,3,4,4,3,3,5,3
2599,37,"vrouw",4,3,5,3,5,4,6,5,5,5,3,4,4,1,5,5,3,4,3,5,6,4,1,4,5,1
2600,26,"vrouw",4,2,5,4,6,5,5,6,5,1,2,2,1,4,3,4,1,4,2,1,1,4,1,5,4,1
2601,25,"vrouw",3,3,4,3,4,4,4,4,4,4,3,6,4,2,2,5,2,4,4,5,4,3,1,5,6,2
2602,18,"vrouw",1,2,3,4,6,2,2,4,4,3,3,6,6,2,1,1,4,5,6,6,6,5,4,1,5,4
2603,19,"man",2,4,4,5,1,4,5,3,3,5,5,3,3,5,4,4,2,6,4,5,2,6,1,4,6,2
2604,33,"man",2,2,5,5,5,5,5,4,5,1,2,2,4,2,2,5,5,5,5,3,2,2,5,4,4,2
2605,23,"vrouw",4,1,6,5,6,4,6,6,6,1,1,5,4,4,4,6,4,4,5,4,5,5,6,2,5,4
2606,31,"vrouw",3,3,4,3,6,4,4,6,4,1,2,4,6,3,6,4,4,4,4,6,6,4,3,4,5,3
2607,16,"vrouw",,2,5,4,4,5,5,4,4,2,2,3,4,3,3,4,2,3,2,2,2,5,2,5,5,1
2608,23,"man",3,6,4,5,5,5,6,6,5,2,6,3,3,2,5,5,1,1,3,1,1,6,1,5,5,1
2609,25,"man",3,3,4,3,5,5,2,4,4,5,1,1,4,2,5,4,6,1,3,3,4,1,1,4,6,6
2610,20,"man",3,1,5,5,6,6,6,5,2,4,1,5,2,4,5,5,1,1,1,1,1,5,1,2,6,2
2611,25,"vrouw",3,2,5,4,4,3,3,5,4,4,4,3,6,1,2,3,3,3,5,6,4,3,1,5,5,3
2612,45,"vrouw",1,3,5,4,3,4,5,5,5,3,3,2,4,3,5,5,6,5,4,5,6,5,3,2,5,4
2613,26,"man",3,2,5,5,5,5,5,6,5,2,2,4,4,4,5,4,2,2,2,2,3,5,3,4,5,4
2614,36,"man",2,1,6,6,6,6,6,6,5,1,1,1,1,6,6,6,1,1,1,1,1,6,1,6,5,1
2615,32,"vrouw",3,1,6,6,6,6,5,6,6,1,1,5,1,5,6,5,1,1,1,1,3,6,1,6,5,2
2616,24,"vrouw",3,5,6,4,1,5,6,,5,2,2,3,2,3,2,6,6,6,6,6,1,6,1,5,6,3
2617,30,"vrouw",4,1,6,1,6,6,6,6,5,1,3,1,3,5,5,5,1,2,2,4,2,5,6,4,5,1
2618,47,"man",4,1,6,4,6,3,5,5,5,2,5,6,6,1,1,1,2,2,5,4,2,5,1,6,6,1
2619,22,"vrouw",3,3,5,6,6,6,5,5,4,4,5,2,1,5,5,5,4,5,1,4,2,5,2,5,5,1
2620,21,"vrouw",1,1,,6,,2,5,5,5,2,3,1,,6,6,4,3,4,5,4,4,5,1,5,6,3
2621,21,"vrouw",1,1,5,6,5,6,5,4,5,2,3,1,2,6,6,4,3,4,5,4,4,5,1,5,6,3
2622,40,"vrouw",5,2,5,4,5,4,6,5,5,2,4,6,5,2,3,5,1,1,3,4,1,5,1,4,6,1
2623,24,"vrouw",3,2,6,6,6,5,5,6,5,1,2,1,1,6,5,6,4,4,5,2,5,6,2,6,6,2
2624,47,"vrouw",3,1,4,3,5,5,5,2,2,4,3,5,5,3,5,4,4,4,4,3,1,6,1,5,5,2
2625,29,"man",2,2,6,5,6,6,5,5,5,4,1,2,1,5,5,5,3,4,2,2,1,6,1,5,4,2
2626,33,"vrouw",5,3,4,4,3,5,6,6,5,2,1,2,2,4,5,5,4,4,3,2,2,5,4,4,3,4
2627,23,"vrouw",3,2,5,3,5,4,5,4,3,4,4,5,2,3,2,3,1,4,5,5,2,4,2,4,5,3
2628,22,"vrouw",3,4,4,5,1,2,3,5,3,6,4,4,4,4,3,4,4,4,6,6,4,5,4,5,2,4
2629,22,"vrouw",3,5,5,5,6,5,6,6,2,4,5,5,1,5,6,4,5,4,5,3,4,4,5,5,4,4
2630,24,"vrouw",4,3,4,3,1,3,5,4,5,3,4,3,5,2,3,1,5,6,5,5,6,6,1,4,5,2
2631,15,"man",,5,5,5,5,3,5,4,2,3,5,3,5,5,6,5,4,5,3,5,2,6,1,5,6,2
2632,29,"vrouw",4,2,3,5,2,5,5,5,5,1,1,2,2,6,3,6,3,4,3,3,1,5,1,6,4,3
2633,31,"man",4,5,2,2,4,4,5,5,5,2,6,2,2,4,5,4,5,5,6,4,1,5,2,5,5,1
2634,50,"vrouw",4,2,3,1,4,2,5,5,3,3,3,3,3,1,2,2,1,2,2,1,1,3,1,3,5,1
